seconds,day,phase,cps,frames,avg_ms,max_ms,gc_mb,mono_used_mb,mono_heap_mb,unity_alloc_mb,unity_reserved_mb,rss_mb,gameobjects,textures,materials,meshes,toasts,wasm_heap_mb,js_heap_mb,gl_counter,gl_largest,gl_live
30,22,Working,1.715E+07,1795,16.74,102.0,12.7,12.7,38.6,82.8,135.6,-1.0,1143,122,256,614,1,,60.3,362,1172,1029
60,22,Review,1.732E+07,1796,16.71,57.0,15.3,15.3,38.6,83.1,135.6,-1.0,1145,121,256,617,0,,61.2,371,1172,1000
90,23,Working,1.732E+07,1800,16.67,25.0,12.9,12.9,38.6,83.4,135.6,-1.0,1144,122,256,615,3,,61.1,371,1182,1125
120,23,Working,1.732E+07,1799,16.68,38.0,15.0,15.0,38.6,83.4,135.6,-1.0,1141,122,256,614,0,,61.8,371,1182,1120
150,23,Review,1.749E+07,1798,16.68,36.0,14.0,14.0,38.6,83.6,135.6,-1.0,1147,121,256,619,0,,62.3,371,1182,1055
180,24,Working,2.809E+07,1799,16.68,38.0,17.4,17.4,38.6,83.6,135.6,-1.0,1257,122,256,652,3,,62.2,371,1203,1097
210,24,Working,2.828E+07,1796,16.70,38.0,15.2,15.2,38.6,83.7,135.6,-1.0,1145,122,256,616,1,,62.9,371,1203,1135
240,24,Review,2.856E+07,1800,16.67,32.0,13.0,13.0,38.6,83.8,135.6,-1.0,1147,121,256,619,0,,62.6,371,1203,1055
270,25,Working,2.856E+07,1799,16.68,38.0,15.0,15.0,38.6,83.7,135.6,-1.0,1136,122,256,611,1,,63.1,371,1203,1106
300,25,Working,2.856E+07,1800,16.67,28.0,16.6,16.6,38.6,83.8,135.6,-1.0,1141,122,256,614,0,,63.7,371,1203,1122
330,25,Review,2.856E+07,1800,16.67,24.0,13.9,13.9,38.6,83.8,135.6,-1.0,1145,121,256,617,0,,63.3,371,1203,1062
360,26,Working,3.604E+07,1800,16.67,26.0,15.2,15.2,38.6,83.8,135.6,-1.0,1142,122,256,613,3,,63.9,371,1211,1106
390,26,Working,3.604E+07,1799,16.68,42.0,12.9,12.9,38.6,83.7,135.6,-1.0,1141,121,256,614,0,,64.4,371,1211,1088
420,26,Review,3.639E+07,1800,16.67,22.0,14.2,14.2,38.6,83.8,135.6,-1.0,1147,121,256,619,0,,64.1,371,1211,1081
450,27,Working,3.639E+07,1799,16.68,39.0,15.5,15.5,38.6,83.8,135.6,-1.0,1133,122,256,610,0,,60.4,371,1218,1111
480,27,Working,3.639E+07,1799,16.68,38.0,12.9,12.9,38.6,83.8,135.6,-1.0,1141,121,256,614,0,,60.8,371,1218,1092
510,27,Night,3.674E+07,1773,16.92,271.0,14.5,14.5,38.6,83.8,135.6,-1.0,1147,121,256,619,0,,60.9,371,1218,1059
540,28,Working,4.293E+07,1799,16.67,36.0,15.8,15.8,38.6,83.8,135.6,-1.0,1136,122,256,611,1,,61.3,371,1218,1105
570,28,Working,4.293E+07,1800,16.67,32.0,13.1,13.1,38.6,83.8,135.6,-1.0,1141,121,256,614,0,,61.8,371,1218,1099
600,28,Night,4.334E+07,1800,16.67,21.0,14.7,14.7,38.6,83.8,135.6,-1.0,1133,121,255,610,0,,62.1,371,1218,1115
630,29,Working,4.334E+07,1799,16.67,40.0,16.0,16.0,38.6,83.8,135.6,-1.0,1133,122,256,610,0,,61.8,371,1228,1119
660,29,Working,4.334E+07,1784,16.82,117.0,13.4,13.4,38.6,83.8,135.6,-1.0,1141,121,256,614,0,,62.2,371,1228,1117
690,29,Night,4.375E+07,1798,16.68,54.0,15.1,15.1,38.6,83.8,135.6,-1.0,1133,121,255,610,0,,62.5,371,1228,1116
720,30,Working,4.731E+07,1797,16.69,52.0,12.7,12.7,38.6,83.8,135.6,-1.0,1136,122,256,611,1,,62.9,371,1278,1156
750,30,Working,4.731E+07,1799,16.68,43.0,13.9,13.9,38.6,83.7,135.6,-1.0,1141,121,256,614,0,,63.3,371,1278,1151
780,30,Night,4.776E+07,1800,16.67,24.0,15.7,15.7,38.6,83.8,135.6,-1.0,1134,121,255,611,0,,63.7,371,1278,1157
810,31,Working,4.809E+07,1798,16.68,35.0,13.1,13.1,38.6,83.8,135.6,-1.0,1134,122,256,611,0,,63.5,371,1278,1187
840,31,Working,4.809E+07,1800,16.67,28.0,16.2,16.2,38.6,83.8,135.6,-1.0,1142,121,256,615,0,,64.0,371,1278,1152
870,31,Night,4.853E+07,1799,16.68,33.0,13.5,13.5,38.6,83.8,135.6,-1.0,1134,121,255,611,0,,64.3,371,1278,1173
900,32,Working,5.406E+07,1799,16.67,49.0,14.7,14.7,38.6,83.5,135.6,-1.0,1137,122,256,612,1,,60.4,371,1291,1169
930,32,Working,5.406E+07,1801,16.67,25.0,17.0,17.0,38.6,83.8,135.6,-1.0,1142,121,256,615,0,,61.0,371,1291,1156
960,33,Login,5.456E+07,1800,16.67,30.0,13.8,13.8,38.6,83.8,135.6,-1.0,1134,122,256,611,0,,61.4,371,1291,1199
990,33,Working,5.475E+07,1800,16.67,28.0,15.2,15.2,38.6,83.8,135.6,-1.0,1134,122,256,611,0,,61.2,371,1291,1170
1020,33,Working,5.475E+07,1800,16.67,29.0,16.9,16.9,38.6,83.8,135.6,-1.0,1142,121,256,615,0,,61.8,371,1291,1153
1050,34,Login,5.524E+07,1799,16.67,35.0,13.9,13.9,38.6,83.8,135.6,-1.0,1134,122,256,611,0,,62.2,371,1291,1182
1080,34,Working,7.623E+07,1797,16.69,44.0,16.1,16.1,38.6,83.8,135.6,-1.0,1137,122,256,612,1,,62.6,371,1291,1169
1110,34,Working,7.623E+07,1800,16.67,32.0,13.4,13.4,38.6,83.8,135.6,-1.0,1143,121,256,616,0,,62.4,371,1291,1156
1140,35,Login,7.692E+07,1799,16.68,44.0,14.7,14.7,38.6,83.8,135.6,-1.0,1135,122,256,612,0,,62.7,371,1291,1175
1170,35,Working,7.692E+07,1800,16.67,30.0,16.2,16.2,38.6,83.8,135.6,-1.0,1135,122,256,612,0,,63.2,371,1291,1169
1200,35,Working,7.692E+07,1800,16.67,32.0,13.4,13.4,38.6,83.8,135.6,-1.0,1143,121,256,616,0,,63.7,371,1291,1156
1230,36,Login,7.76E+07,1800,16.67,20.0,14.7,14.7,38.6,83.8,135.6,-1.0,1135,122,256,612,0,,63.4,371,1291,1184
1260,36,Working,8.461E+07,1800,16.67,28.0,16.3,16.3,38.6,83.8,135.6,-1.0,1138,122,256,613,1,,63.9,371,1291,1171
1290,36,Review,8.536E+07,1800,16.67,26.0,14.2,14.2,38.6,83.8,135.6,-1.0,1149,121,256,621,0,,64.4,371,1291,1121
1320,37,Login,8.536E+07,1800,16.67,30.0,15.2,15.2,38.6,83.8,135.6,-1.0,1135,122,256,612,0,,61.0,371,1291,1187
1350,37,Working,8.536E+07,1799,16.68,37.0,16.8,16.8,38.6,83.8,135.6,-1.0,1135,122,256,612,0,,60.8,371,1291,1174
1380,37,Review,8.611E+07,1794,16.72,127.0,14.1,14.1,38.6,83.8,135.6,-1.0,1149,121,256,621,0,,61.3,371,1291,1139
1410,38,Login,8.611E+07,1800,16.67,22.0,15.1,15.1,38.6,83.6,135.6,-1.0,1135,122,256,612,0,,61.7,371,1385,1283
1440,38,Working,9.089E+07,1799,16.68,49.0,16.8,16.8,38.6,83.6,135.6,-1.0,1135,122,256,612,0,,61.5,371,1385,1238
1470,38,Review,9.169E+07,1800,16.67,22.0,14.2,14.2,38.6,83.8,135.6,-1.0,1149,121,256,621,0,,61.9,371,1385,1204
1500,39,Working,9.169E+07,1800,16.67,27.0,15.3,15.3,38.6,83.8,135.6,-1.0,1138,122,256,613,1,,62.3,371,1386,1335
1530,39,Working,9.169E+07,1800,16.67,25.0,13.1,13.1,38.6,83.8,135.6,-1.0,1143,122,256,616,0,,62.1,371,1386,1268
1560,39,Review,9.248E+07,1800,16.67,24.0,14.4,14.4,38.6,83.8,135.6,-1.0,1149,121,256,621,0,,62.5,371,1386,1200
1590,40,Working,9.248E+07,1800,16.67,26.0,15.5,15.5,38.6,83.8,135.6,-1.0,1138,122,256,613,1,,63.0,371,1391,1244
1620,40,Working,9.581E+07,1800,16.67,26.0,13.1,13.1,38.6,83.8,135.6,-1.0,1143,122,256,616,0,,63.5,371,1391,1286
1650,40,Review,9.663E+07,1800,16.67,24.0,14.3,14.3,38.6,83.8,135.6,-1.0,1149,121,256,621,0,,63.2,371,1391,1200
1680,41,Working,9.663E+07,1800,16.67,24.0,15.5,15.5,38.6,83.8,135.6,-1.0,1138,122,256,613,1,,63.7,371,1393,1245
1710,41,Working,9.663E+07,1800,16.67,25.0,13.1,13.1,38.6,83.8,135.6,-1.0,1143,122,256,616,0,,64.3,371,1393,1271
1740,41,Review,9.744E+07,1801,16.67,29.0,14.4,14.4,38.6,83.8,135.6,-1.0,1149,121,256,621,0,,63.9,371,1393,1200
1770,42,Working,9.744E+07,1800,16.67,28.0,15.5,15.5,38.6,83.6,135.6,-1.0,1138,122,256,613,1,,61.1,371,1393,1242
1800,42,Working,1.01E+08,1800,16.67,28.0,13.1,13.1,38.6,83.6,135.6,-1.0,1143,121,256,616,0,,60.9,371,1393,1244
1830,42,Review,1.019E+08,1800,16.67,28.0,14.4,14.4,38.6,83.8,135.6,-1.0,1149,121,256,621,0,,61.2,371,1393,1200
1860,43,Working,1.019E+08,1800,16.67,24.0,15.6,15.6,38.6,83.8,135.6,-1.0,1135,122,256,612,0,,61.8,371,1393,1252
1890,43,Working,1.019E+08,1800,16.67,25.0,13.1,13.1,38.6,83.8,135.6,-1.0,1143,121,256,616,0,,61.6,371,1393,1243
1920,43,Review,1.027E+08,1800,16.67,23.0,14.4,14.4,38.6,83.8,135.6,-1.0,1149,121,256,621,0,,62.0,371,1393,1199
1950,44,Working,1.027E+08,1800,16.67,25.0,15.6,15.6,38.6,83.8,135.6,-1.0,1135,122,256,612,0,,62.5,371,1394,1246
1980,44,Working,1.061E+08,1800,16.67,26.0,13.1,13.1,38.6,83.8,135.6,-1.0,1143,121,256,616,0,,62.3,371,1394,1243
2010,44,Night,1.07E+08,1799,16.68,35.0,14.4,14.4,38.6,83.8,135.6,-1.0,1135,121,255,612,0,,62.7,371,1394,1291
2040,45,Working,1.07E+08,1800,16.67,27.0,15.6,15.6,38.6,83.8,135.6,-1.0,1135,122,256,612,0,,63.3,371,1402,1266
2070,45,Working,1.07E+08,1800,16.67,27.0,13.2,13.2,38.6,83.8,135.6,-1.0,1143,121,256,616,0,,63.1,371,1402,1252
2100,45,Night,1.079E+08,1800,16.67,24.0,14.6,14.6,38.6,83.8,135.6,-1.0,1135,121,255,612,0,,63.4,371,1402,1257
2130,46,Working,1.082E+08,1800,16.67,26.0,16.0,16.0,38.6,83.8,135.6,-1.0,1135,122,256,612,0,,63.9,371,1428,1281
2160,46,Working,1.117E+08,1800,16.67,27.0,13.3,13.3,38.6,83.8,135.6,-1.0,1143,121,256,616,0,,64.4,371,1428,1267
2190,46,Night,1.126E+08,1801,16.67,27.0,14.6,14.6,38.6,83.8,135.6,-1.0,1135,121,255,612,0,,64.1,371,1428,1282
2220,47,Working,1.126E+08,1800,16.67,25.0,16.0,16.0,38.6,83.6,135.6,-1.0,1135,122,256,612,0,,61.0,371,1454,1312
2250,47,Working,1.126E+08,1800,16.67,24.0,13.3,13.3,38.6,83.6,135.6,-1.0,1143,121,256,616,0,,60.8,371,1454,1298
2280,47,Night,1.135E+08,1800,16.67,19.0,14.7,14.7,38.6,83.8,135.6,-1.0,1135,121,255,612,0,,61.1,371,1454,1302
2310,48,Working,1.135E+08,1800,16.67,28.0,16.0,16.0,38.6,83.8,135.6,-1.0,1135,122,256,612,0,,61.6,371,1454,1315
2340,48,Working,1.188E+08,1800,16.67,25.0,13.3,13.3,38.6,83.8,135.6,-1.0,1143,121,256,616,0,,61.4,371,1454,1303
2370,49,Login,1.198E+08,1800,16.67,23.0,14.8,14.8,38.6,84.0,135.6,-1.0,1135,122,256,612,0,,61.8,371,1454,1379
2400,49,Working,1.198E+08,1800,16.67,25.0,16.2,16.2,38.6,84.0,135.6,-1.0,1135,122,256,612,0,,62.3,371,1454,1319
2430,49,Working,1.198E+08,1798,16.69,38.0,13.4,13.4,38.6,84.1,135.6,-1.0,1143,121,256,616,0,,62.8,371,1454,1301
2460,50,Login,1.207E+08,1800,16.67,20.0,14.8,14.8,38.6,84.0,135.6,-1.0,1135,122,256,612,0,,62.4,371,1462,1327
2490,50,Working,1.207E+08,1800,16.67,22.0,16.2,16.2,38.6,83.8,135.6,-1.0,1135,122,256,612,0,,63.0,371,1462,1314
2520,50,Working,1.242E+08,1800,16.67,21.0,13.5,13.5,38.6,83.9,135.6,-1.0,1143,121,256,616,0,,63.5,371,1462,1299
2550,51,Login,1.252E+08,1799,16.68,32.0,14.8,14.8,38.6,84.0,135.6,-1.0,1135,122,256,612,0,,63.3,371,1463,1342
2580,51,Working,1.252E+08,1801,16.67,26.0,16.2,16.2,38.6,84.0,135.6,-1.0,1135,122,256,612,0,,63.8,371,1463,1312
2610,51,Working,1.252E+08,1800,16.67,27.0,13.4,13.4,38.6,84.0,135.6,-1.0,1143,121,256,616,0,,64.2,371,1463,1301
2640,52,Login,1.262E+08,1790,16.76,121.0,14.7,14.7,38.6,84.0,135.6,-1.0,1135,122,256,612,0,,64.5,371,1463,1326
2670,52,Working,1.262E+08,1787,16.79,75.0,16.2,16.2,38.6,84.0,135.6,-1.0,1135,122,256,612,0,,61.1,371,1463,1315
2700,52,Review,1.272E+08,1800,16.67,22.0,13.7,13.7,38.6,84.0,135.6,-1.0,1149,121,256,621,0,,60.9,371,1463,1253
2730,53,Login,1.272E+08,1800,16.67,21.0,14.6,14.6,38.6,84.0,135.6,-1.0,1135,122,256,612,0,,61.3,371,1463,1350
2760,53,Working,1.272E+08,1800,16.67,27.0,16.2,16.2,38.6,84.0,135.6,-1.0,1135,122,256,612,0,,61.8,371,1463,1315
2790,53,Review,1.282E+08,1800,16.67,22.0,13.8,13.8,38.6,84.1,135.6,-1.0,1149,121,256,621,0,,61.6,371,1463,1253
2820,54,Login,1.282E+08,1800,16.67,19.0,14.7,14.7,38.6,84.1,135.6,-1.0,1135,122,256,612,0,,62.0,371,1471,1339
2850,54,Working,1.282E+08,1800,16.67,25.0,16.2,16.2,38.6,84.1,135.6,-1.0,1135,122,256,612,0,,62.5,371,1471,1302
2880,54,Review,1.291E+08,1800,16.67,22.0,13.7,13.7,38.6,84.1,135.6,-1.0,1149,121,256,621,0,,62.3,371,1471,1254
2910,55,Working,1.291E+08,1800,16.67,27.0,14.7,14.7,38.6,84.0,135.6,-1.0,1138,122,256,613,1,,62.7,371,1471,1431
2940,55,Working,1.291E+08,1799,16.68,34.0,16.3,16.3,38.6,84.0,135.6,-1.0,1143,122,256,616,0,,63.3,371,1471,1329
2970,55,Review,1.301E+08,1799,16.68,33.0,13.7,13.7,38.6,84.0,135.6,-1.0,1149,121,256,621,0,,63.6,371,1471,1253
3000,56,Working,1.301E+08,1801,16.67,26.0,14.7,14.7,38.6,84.0,135.6,-1.0,1138,122,256,613,1,,63.3,371,1471,1300
3030,56,Working,1.301E+08,1800,16.67,25.0,16.3,16.3,38.6,84.0,135.6,-1.0,1143,122,256,616,0,,63.8,371,1471,1342
3060,56,Review,1.311E+08,1800,16.67,26.0,13.6,13.6,38.6,84.0,135.6,-1.0,1149,121,256,621,0,,64.3,371,1471,1294
3090,57,Working,1.311E+08,1800,16.67,26.0,14.7,14.7,38.6,84.0,135.6,-1.0,1138,122,256,613,1,,64.0,371,1471,1296
3120,57,Working,1.311E+08,1800,16.67,26.0,16.3,16.3,38.6,84.0,135.6,-1.0,1143,122,256,616,0,,60.7,371,1471,1326
3150,57,Review,1.321E+08,1800,16.67,20.0,13.6,13.6,38.6,84.0,135.6,-1.0,1149,121,256,621,0,,61.0,371,1471,1252
3180,58,Working,1.321E+08,1800,16.67,23.0,14.6,14.6,38.6,84.0,135.6,-1.0,1138,122,256,613,1,,61.5,371,1471,1303
3210,58,Working,1.321E+08,1800,16.67,27.0,16.3,16.3,38.6,84.0,135.6,-1.0,1143,121,256,616,0,,61.4,371,1471,1320
3240,58,Review,1.331E+08,1800,16.67,26.0,13.6,13.6,38.6,84.0,135.6,-1.0,1149,121,256,621,0,,61.7,371,1471,1250
3270,59,Working,1.331E+08,1799,16.68,43.0,14.6,14.6,38.6,84.0,135.6,-1.0,1135,122,256,612,0,,62.2,371,1471,1320
3300,59,Working,1.331E+08,1796,16.70,41.0,16.3,16.3,38.6,84.0,135.6,-1.0,1143,121,256,616,0,,62.6,371,1471,1295
3330,59,Review,1.34E+08,1800,16.67,20.0,13.6,13.6,38.6,84.0,135.6,-1.0,1149,121,256,621,0,,62.2,371,1471,1276
3360,60,Working,1.34E+08,1799,16.68,42.0,14.7,14.7,38.6,84.0,135.6,-1.0,1135,122,256,612,0,,62.7,371,1576,1409
3390,60,Working,1.34E+08,1793,16.73,146.0,16.4,16.4,38.6,84.0,135.6,-1.0,1143,121,256,616,0,,63.2,371,1576,1408
3420,60,Night,1.35E+08,1777,16.89,167.0,13.5,13.5,38.6,84.0,135.6,-1.0,1135,121,255,612,0,,63.4,371,1576,1493
3450,61,Working,1.35E+08,1799,16.68,34.0,15.1,15.1,38.6,84.0,135.6,-1.0,1135,122,256,612,0,,63.3,371,1583,1417
3480,61,Working,1.35E+08,1798,16.68,48.0,16.7,16.7,38.6,84.0,135.6,-1.0,1143,121,256,616,0,,63.7,371,1583,1411
3510,61,Night,1.36E+08,1800,16.67,21.0,13.7,13.7,38.6,84.0,135.6,-1.0,1135,121,255,612,0,,64.1,371,1583,1407
3540,62,Working,1.36E+08,1800,16.67,25.0,14.9,14.9,38.6,84.0,135.6,-1.0,1135,122,256,612,0,,64.0,371,1605,1425
3570,62,Working,1.36E+08,1800,16.67,24.0,16.5,16.5,38.6,84.0,135.6,-1.0,1143,121,256,616,0,,60.5,371,1605,1407
3600,62,Night,1.37E+08,1800,16.67,25.0,13.6,13.6,38.6,84.0,135.6,-1.0,1135,121,255,612,0,,60.9,371,1605,1407
3630,63,Working,1.37E+08,1799,16.68,34.0,14.8,14.8,38.6,84.1,135.6,-1.0,1135,122,256,612,0,,61.4,371,1605,1417
3660,63,Working,1.37E+08,1800,16.67,30.0,16.4,16.4,38.6,84.0,135.6,-1.0,1143,121,256,616,0,,61.3,371,1605,1413
3690,63,Night,1.379E+08,1800,16.67,21.0,13.5,13.5,38.6,84.0,135.6,-1.0,1135,121,255,612,0,,61.7,371,1605,1427
3720,64,Working,1.379E+08,1800,16.67,28.0,14.7,14.7,38.6,84.0,135.6,-1.0,1135,122,256,612,0,,62.3,371,1608,1408
3750,64,Working,1.379E+08,1800,16.67,30.0,16.3,16.3,38.6,84.0,135.6,-1.0,1143,121,256,616,0,,62.1,371,1608,1406
3780,65,Login,1.389E+08,1800,16.67,20.0,13.5,13.5,38.6,84.0,135.6,-1.0,1135,122,256,612,0,,62.5,371,1608,1920
3810,65,Working,1.389E+08,1798,16.68,57.0,14.6,14.6,38.6,84.0,135.6,-1.0,1135,122,256,612,0,,63.0,371,1608,1416
3840,65,Working,1.389E+08,1801,16.67,25.0,16.2,16.2,38.6,84.1,135.6,-1.0,1143,121,256,616,0,,63.4,371,1608,1412
3870,66,Login,1.399E+08,1800,16.67,24.0,13.4,13.4,38.6,84.0,135.6,-1.0,1135,122,256,612,0,,63.2,371,1608,1451
3900,66,Working,1.399E+08,1800,16.67,23.0,14.6,14.6,38.6,84.1,135.6,-1.0,1135,122,256,612,0,,63.8,371,1608,1426
3930,66,Working,1.399E+08,1800,16.67,24.0,16.2,16.2,38.6,84.1,135.6,-1.0,1143,121,256,616,0,,64.3,371,1608,1411
3960,67,Login,1.409E+08,1800,16.67,18.0,13.0,13.0,38.6,84.1,135.6,-1.0,1135,122,256,612,0,,64.0,371,1608,1467
3990,67,Working,1.409E+08,1800,16.67,29.0,14.2,14.2,38.6,84.0,135.6,-1.0,1135,122,256,612,0,,64.5,371,1608,1417
4020,67,Working,1.409E+08,1800,16.67,27.0,15.8,15.8,38.6,84.1,135.6,-1.0,1143,121,256,616,0,,60.6,371,1608,1415
4050,68,Login,1.419E+08,1800,16.67,18.0,13.1,13.1,38.6,84.0,135.6,-1.0,1135,122,256,612,0,,61.1,371,1608,1463
4080,68,Working,1.419E+08,1795,16.71,50.0,14.3,14.3,38.6,84.0,135.6,-1.0,1135,122,256,612,0,,61.5,371,1608,1406
4110,68,Review,1.428E+08,1798,16.68,40.0,16.3,16.3,38.6,84.0,135.6,-1.0,1149,121,256,621,0,,62.0,371,1608,1353
4140,69,Login,1.428E+08,1800,16.67,20.0,13.1,13.1,38.6,84.0,135.6,-1.0,1135,122,256,612,0,,61.8,371,1608,1438
4170,69,Working,1.428E+08,1798,16.68,37.0,14.3,14.3,38.6,84.0,135.6,-1.0,1135,122,256,612,0,,62.3,371,1608,1427
4200,69,Review,1.438E+08,1800,16.67,28.0,16.2,16.2,38.6,84.0,135.6,-1.0,1149,121,256,621,0,,62.7,371,1608,1357
4230,70,Login,1.438E+08,1800,16.67,18.0,13.1,13.1,38.6,84.0,135.6,-1.0,1135,122,256,612,0,,62.5,371,1608,1449
4260,70,Working,1.438E+08,1801,16.67,28.0,14.3,14.3,38.6,84.0,135.6,-1.0,1135,122,256,612,0,,63.0,371,1608,1405
4290,70,Review,1.448E+08,1800,16.67,24.0,16.3,16.3,38.6,84.0,135.6,-1.0,1149,121,256,621,0,,63.5,371,1608,1355
4320,71,Working,3.071E+08,1800,16.67,27.0,13.4,13.4,38.6,84.0,135.6,-1.0,1154,122,256,619,3,,63.3,371,1612,1627
4350,71,Working,3.082E+08,1800,16.67,27.0,15.0,15.0,38.6,84.0,135.6,-1.0,1143,122,256,616,0,,63.9,371,1612,1449
4380,71,Review,3.103E+08,1800,16.67,22.0,16.8,16.8,38.6,84.0,135.6,-1.0,1149,121,256,621,0,,64.3,371,1612,1357
4410,72,Working,3.103E+08,1800,16.67,22.0,13.9,13.9,38.6,84.0,135.6,-1.0,1138,122,256,613,1,,64.1,371,1612,1418
4440,72,Working,3.103E+08,1800,16.67,26.0,15.3,15.3,38.6,84.0,135.6,-1.0,1143,122,256,616,0,,64.6,371,1612,1477
4470,72,Review,3.103E+08,1800,16.67,23.0,17.1,17.1,38.6,84.0,135.6,-1.0,1147,121,256,619,0,,61.1,371,1612,1346
4500,73,Working,3.283E+08,1800,16.67,29.0,13.7,13.7,38.6,84.0,135.6,-1.0,1138,122,256,613,1,,61.0,371,1612,1421
4530,73,Working,3.283E+08,1800,16.67,28.0,15.1,15.1,38.6,84.0,135.6,-1.0,1143,122,256,616,0,,61.5,371,1612,1458
4560,73,Review,3.305E+08,1800,16.67,24.0,16.9,16.9,38.6,84.1,135.6,-1.0,1149,121,256,621,0,,61.9,371,1612,1342
4590,74,Working,3.316E+08,1800,16.67,25.0,13.4,13.4,38.6,84.1,135.6,-1.0,1138,122,256,613,1,,61.7,371,1612,1450
4620,74,Working,3.316E+08,1800,16.67,24.0,16.5,16.5,38.6,84.0,135.6,-1.0,1143,121,256,616,0,,62.2,371,1612,1463
4650,74,Review,3.339E+08,1800,16.67,24.0,14.2,14.2,38.6,84.0,135.6,-1.0,1149,121,256,621,0,,62.6,371,1612,1351
4680,75,Working,3.477E+08,1801,16.67,27.0,15.3,15.3,38.6,84.0,135.6,-1.0,1135,122,256,612,0,,62.4,371,1612,1425
4710,75,Working,3.477E+08,1800,16.67,24.0,17.0,17.0,38.6,84.1,135.6,-1.0,1143,121,256,616,0,,62.9,371,1612,1422
4740,75,Review,3.5E+08,1800,16.67,22.0,14.1,14.1,38.6,84.1,135.6,-1.0,1149,121,256,621,0,,63.3,371,1612,1352
4770,76,Working,3.5E+08,1800,16.67,26.0,15.3,15.3,38.6,84.1,135.6,-1.0,1135,122,256,612,0,,63.2,371,1612,1418
4800,76,Working,3.512E+08,1800,16.67,28.0,17.1,17.1,38.6,84.1,135.6,-1.0,1143,121,256,616,0,,63.7,371,1612,1418
4830,76,Night,3.535E+08,1800,16.67,24.0,14.1,14.1,38.6,84.1,135.6,-1.0,1135,121,255,612,0,,64.1,371,1612,1503
4860,77,Working,3.672E+08,1800,16.67,26.0,15.3,15.3,38.6,84.1,135.6,-1.0,1135,122,256,612,0,,64.0,371,1612,1424
4890,77,Working,3.672E+08,1800,16.67,27.0,17.0,17.0,38.6,84.1,135.6,-1.0,1143,121,256,616,0,,64.5,371,1612,1424
4920,77,Night,3.696E+08,1800,16.67,24.0,14.1,14.1,38.6,84.0,135.6,-1.0,1135,121,255,612,0,,60.6,371,1612,1417
4950,78,Working,3.696E+08,1800,16.67,33.0,15.3,15.3,38.6,84.0,135.6,-1.0,1135,122,256,612,0,,61.1,371,1612,1439
4980,78,Working,3.696E+08,1800,16.67,26.0,17.0,17.0,38.6,84.0,135.6,-1.0,1143,121,256,616,0,,61.5,371,1612,1412
5010,78,Night,3.72E+08,1800,16.67,21.0,14.1,14.1,38.6,84.0,135.6,-1.0,1135,121,255,612,0,,62.0,371,1612,1433
5040,79,Working,3.842E+08,1800,16.67,21.0,15.3,15.3,38.6,84.0,135.6,-1.0,1135,122,256,612,0,,61.8,371,1630,1425
5070,79,Working,3.842E+08,1801,16.67,18.0,17.0,17.0,38.6,84.0,135.6,-1.0,1143,121,256,616,0,,62.3,371,1630,1418
5100,79,Night,3.867E+08,1800,16.67,19.0,14.0,14.0,38.6,84.0,135.6,-1.0,1135,121,255,612,0,,62.7,371,1630,1425
5130,80,Working,3.867E+08,1800,16.67,25.0,15.3,15.3,38.6,84.0,135.6,-1.0,1135,122,256,612,0,,62.5,371,1630,1431
5160,80,Working,3.867E+08,1800,16.67,27.0,16.9,16.9,38.6,84.0,135.6,-1.0,1143,121,256,616,0,,63.0,371,1630,1421
5190,81,Login,3.892E+08,1800,16.67,20.0,14.0,14.0,38.6,84.0,135.6,-1.0,1135,122,256,612,0,,63.4,371,1630,1928
5220,81,Working,4.012E+08,1800,16.67,25.0,15.2,15.2,38.6,83.8,135.6,-1.0,1135,122,256,612,0,,63.3,371,1630,1418
5250,81,Working,4.012E+08,1800,16.67,24.0,13.1,13.1,38.6,84.1,135.6,-1.0,1143,121,256,616,0,,63.8,371,1630,1419
5280,82,Login,4.037E+08,1800,16.67,21.0,14.2,14.2,38.6,84.1,135.6,-1.0,1135,122,256,612,0,,64.2,371,1630,1460
5310,82,Working,4.037E+08,1800,16.67,26.0,15.5,15.5,38.6,84.1,135.6,-1.0,1135,122,256,612,0,,63.9,371,1630,1429
5340,82,Working,4.037E+08,1800,16.67,26.0,17.2,17.2,38.6,84.0,135.6,-1.0,1143,121,256,616,0,,64.4,371,1630,1419
5370,83,Login,4.063E+08,1800,16.67,26.0,14.1,14.1,38.6,84.0,135.6,-1.0,1135,122,256,612,0,,60.9,371,1630,1447
5400,83,Working,4.141E+08,1800,16.67,29.0,15.4,15.4,38.6,84.0,135.6,-1.0,1135,122,256,612,0,,61.3,371,1630,1425
5430,83,Working,4.141E+08,1800,16.67,25.0,17.1,17.1,38.6,84.1,135.6,-1.0,1143,121,256,616,0,,61.2,371,1630,1420
5460,84,Login,4.167E+08,1800,16.67,22.0,13.9,13.9,38.6,84.1,135.6,-1.0,1135,122,256,612,0,,61.6,371,1630,1467
5490,84,Working,4.167E+08,1800,16.67,26.0,15.3,15.3,38.6,84.0,135.6,-1.0,1135,122,256,612,0,,62.1,371,1630,1432
5520,84,Review,4.193E+08,1801,16.67,23.0,17.3,17.3,38.6,84.1,135.6,-1.0,1149,121,256,621,0,,61.9,371,1630,1386
5550,85,Login,4.193E+08,1800,16.67,22.0,13.8,13.8,38.6,84.1,135.6,-1.0,1135,122,256,612,0,,62.4,371,1630,1447
5580,85,Working,4.266E+08,1800,16.67,28.0,15.2,15.2,38.6,83.8,135.6,-1.0,1135,122,256,612,0,,62.9,371,1630,1435
5610,85,Review,4.292E+08,1800,16.67,18.0,17.1,17.1,38.6,84.0,135.6,-1.0,1149,121,256,621,0,,62.7,371,1630,1360
5640,86,Login,4.292E+08,1800,16.67,19.0,13.6,13.6,38.6,84.0,135.6,-1.0,1135,122,256,612,0,,63.1,371,1630,1469
5670,86,Working,4.292E+08,1800,16.67,31.0,15.0,15.0,38.6,84.0,135.6,-1.0,1135,122,256,612,0,,63.6,371,1630,1416
5700,86,Review,4.319E+08,1800,16.67,23.0,17.0,17.0,38.6,84.0,135.6,-1.0,1149,121,256,621,0,,63.4,371,1630,1360
5730,87,Working,4.319E+08,1800,16.67,30.0,13.8,13.8,38.6,84.0,135.6,-1.0,1138,122,256,613,1,,63.9,371,1630,1619
5760,87,Working,4.517E+08,1800,16.67,27.0,15.1,15.1,38.6,84.0,135.6,-1.0,1143,122,256,616,0,,64.4,371,1630,1456
5790,87,Review,4.545E+08,1800,16.67,24.0,16.9,16.9,38.6,84.0,135.6,-1.0,1149,121,256,621,0,,61.1,371,1630,1352
5820,88,Working,4.545E+08,1800,16.67,28.0,13.3,13.3,38.6,84.0,135.6,-1.0,1138,122,256,613,1,,60.8,371,1630,1421
5850,88,Working,4.545E+08,1800,16.67,32.0,14.7,14.7,38.6,84.0,135.6,-1.0,1143,122,256,616,0,,61.2,371,1630,1479
5880,88,Review,4.573E+08,1800,16.67,24.0,16.5,16.5,38.6,84.0,135.6,-1.0,1149,121,256,621,0,,61.7,371,1630,1374
5910,89,Working,4.573E+08,1801,16.67,25.0,13.3,13.3,38.6,83.8,135.6,-1.0,1138,122,256,613,1,,61.5,371,1630,1417
5940,89,Working,4.648E+08,1800,16.67,27.0,14.8,14.8,38.6,83.8,135.6,-1.0,1143,122,256,616,0,,62.0,371,1630,1454
5970,89,Review,4.676E+08,1800,16.67,23.0,16.6,16.6,38.6,84.0,135.6,-1.0,1149,121,256,621,0,,62.4,371,1630,1361
6000,90,Working,4.676E+08,1800,16.67,27.0,13.4,13.4,38.6,84.0,135.6,-1.0,1138,122,256,613,1,,62.2,371,1630,1420
