seconds,day,phase,cps,frames,avg_ms,max_ms,gc_mb,mono_used_mb,mono_heap_mb,unity_alloc_mb,unity_reserved_mb,rss_mb,gameobjects,textures,materials,meshes,toasts
30,22,Working,1.715E+07,340,88.60,159.8,18.8,18.8,27.7,346.4,800.3,386.8,1137,123,258,605,1
60,22,Review,1.732E+07,342,87.69,116.8,17.0,17.0,27.7,339.5,800.3,389.1,1139,122,258,608,0
90,23,Working,1.732E+07,334,89.72,122.3,16.7,16.7,27.7,346.1,800.3,389.6,1138,123,258,606,3
120,23,Working,1.732E+07,340,88.24,106.9,17.9,17.9,27.7,347.3,800.3,328.7,1135,123,258,605,0
150,23,Review,1.749E+07,345,87.00,109.5,20.3,20.3,27.7,347.0,800.3,329.0,1145,122,258,612,1
180,24,Working,2.809E+07,351,85.46,92.1,21.3,21.3,27.7,346.9,800.3,328.9,1252,123,258,644,3
210,24,Working,2.828E+07,346,86.72,118.1,21.6,21.6,27.7,348.1,800.3,329.2,1139,123,258,607,1
240,24,Review,2.856E+07,344,87.16,115.9,20.9,20.9,27.7,347.8,800.3,329.3,1142,122,258,611,0
270,25,Working,2.856E+07,337,89.13,103.3,22.2,22.2,27.7,343.6,800.3,328.8,1131,123,258,603,1
300,25,Working,2.856E+07,344,87.24,117.7,15.4,15.4,27.7,335.5,800.3,332.1,1136,123,258,606,0
330,25,Review,2.884E+07,347,86.44,98.6,15.3,15.3,27.7,335.3,800.3,332.2,1142,122,258,611,0
360,26,Working,3.639E+07,342,87.71,99.6,16.5,16.5,27.7,335.1,800.3,332.2,1137,123,258,605,3
390,26,Working,3.639E+07,340,88.03,124.3,15.7,15.7,27.7,314.3,800.3,330.9,1136,123,258,606,0
420,26,Review,3.674E+07,338,88.78,134.5,16.3,16.3,27.7,313.6,800.3,330.9,1142,122,258,611,0
450,27,Working,3.674E+07,345,87.16,119.7,17.3,17.3,27.7,313.6,800.3,330.7,1128,123,258,602,0
480,27,Working,3.674E+07,343,87.35,115.9,16.6,16.6,27.7,314.3,800.3,330.9,1136,122,258,606,0
510,27,Review,3.709E+07,347,86.38,94.9,17.9,17.9,27.7,314.1,800.3,331.0,1142,122,258,611,0
540,28,Working,4.602E+07,345,87.14,120.0,17.1,17.1,27.7,313.9,800.3,330.9,1134,123,258,604,2
570,28,Working,4.602E+07,346,86.62,98.9,18.4,18.4,27.7,314.6,800.3,331.0,1136,122,258,606,0
600,28,Night,4.645E+07,347,86.43,96.5,17.6,17.6,27.7,314.1,800.3,331.0,1128,122,257,602,0
630,29,Working,4.645E+07,341,88.07,114.3,18.9,18.9,27.7,314.1,800.3,331.0,1128,123,258,602,0
660,29,Working,4.645E+07,346,86.71,111.3,18.2,18.2,20.4,314.3,800.3,326.6,1136,122,258,606,0
690,29,Night,4.688E+07,343,87.26,126.3,19.4,19.4,20.4,313.9,800.3,326.7,1128,122,257,602,0
720,30,Working,5.219E+07,343,87.67,117.8,18.5,18.5,21.2,313.9,800.3,326.8,1131,123,258,603,1
750,30,Working,5.219E+07,341,87.87,141.2,19.4,19.4,21.2,305.9,800.3,326.4,1136,122,258,606,0
780,30,Night,5.268E+07,344,87.25,110.2,14.7,14.7,21.2,305.6,800.3,326.7,1128,122,257,602,0
810,31,Working,5.304E+07,344,87.25,95.8,15.9,15.9,21.2,305.4,800.3,326.7,1128,123,258,602,0
840,31,Working,5.304E+07,345,86.78,96.2,15.2,15.2,21.2,306.1,800.3,326.7,1136,123,258,606,0
870,31,Night,5.353E+07,345,87.01,104.8,16.6,16.6,21.2,305.6,800.3,326.8,1128,122,257,602,0
900,32,Working,7.373E+07,343,87.42,116.4,15.7,15.7,21.2,309.8,800.3,329.3,1131,123,258,603,1
930,32,Working,7.373E+07,340,88.41,164.1,15.4,15.4,21.2,310.2,800.3,329.3,1137,122,258,607,0
960,33,Login,7.44E+07,343,87.33,116.4,16.4,16.4,21.2,309.9,800.3,329.4,1129,129,258,603,0
990,33,Working,7.44E+07,329,91.35,126.2,15.7,15.7,21.2,310.4,800.3,329.5,1129,124,258,603,0
1020,33,Working,7.44E+07,344,87.16,115.0,16.8,16.8,21.2,310.9,800.3,329.5,1137,123,258,607,0
1050,34,Login,7.507E+07,345,86.91,99.4,16.2,16.2,21.2,310.3,800.3,329.4,1129,123,258,603,0
1080,34,Working,7.661E+07,342,87.82,154.4,17.3,17.3,21.2,310.4,800.3,329.4,1129,123,258,603,0
1110,34,Working,7.661E+07,345,86.82,108.0,17.1,17.1,20.8,298.8,800.3,328.8,1137,122,258,607,0
1140,35,Login,7.73E+07,341,88.02,116.3,18.4,18.4,20.8,298.6,800.3,328.9,1129,123,258,603,0
1170,35,Working,7.73E+07,344,87.11,99.0,17.3,17.3,18.9,298.3,800.3,326.9,1129,124,258,603,0
1200,35,Working,7.73E+07,347,86.56,97.2,18.8,18.8,18.9,298.0,800.3,326.8,1137,123,258,607,0
1230,36,Login,7.798E+07,343,87.56,103.3,17.7,17.7,19.3,298.2,800.3,327.1,1129,123,258,603,0
1260,36,Working,8.663E+07,339,88.41,102.8,19.0,19.0,19.3,298.2,800.3,327.0,1132,123,258,604,1
1290,36,Review,8.739E+07,339,88.38,111.6,18.5,18.5,19.6,298.7,800.3,327.5,1143,122,258,612,0
1320,37,Login,8.739E+07,341,88.03,103.7,19.3,19.3,19.6,298.4,800.3,327.5,1129,123,258,603,0
1350,37,Working,8.739E+07,344,87.18,98.6,18.4,18.4,20.1,298.4,800.3,327.7,1129,124,258,603,0
1380,37,Review,8.815E+07,342,87.66,105.8,15.2,15.2,20.5,294.1,800.3,327.8,1143,122,258,612,0
1410,38,Login,8.815E+07,348,86.42,95.3,15.9,15.9,20.5,293.9,800.3,327.7,1129,123,258,603,0
1440,38,Working,9.135E+07,345,86.78,105.1,15.5,15.5,20.5,293.8,800.3,327.6,1129,123,258,603,0
1470,38,Review,9.214E+07,340,88.24,118.9,16.9,16.9,20.5,294.1,800.3,328.0,1143,122,258,612,0
1500,39,Working,9.214E+07,342,87.82,108.0,15.7,15.7,20.5,293.9,800.3,327.8,1132,123,258,604,1
1530,39,Working,9.214E+07,343,87.33,104.5,17.0,17.0,20.5,281.9,800.3,327.0,1137,124,258,607,0
1560,39,Review,9.293E+07,348,86.39,103.3,16.5,16.5,20.5,281.5,800.3,327.0,1143,122,258,612,0
1590,40,Working,9.293E+07,346,86.60,92.8,17.5,17.5,20.5,281.4,800.3,327.0,1132,123,258,604,1
1620,40,Working,9.786E+07,346,86.68,100.5,16.6,16.6,20.5,281.9,800.3,327.0,1137,123,258,607,0
1650,40,Review,9.869E+07,347,86.50,97.8,16.4,16.4,20.5,281.6,800.3,327.1,1143,122,258,612,0
1680,41,Working,9.869E+07,346,86.65,98.5,17.1,17.1,20.5,281.2,800.3,326.8,1132,124,258,604,1
1710,41,Working,9.869E+07,345,87.06,108.9,16.7,16.7,20.5,282.1,800.3,326.8,1137,124,258,607,0
1740,41,Review,9.952E+07,347,86.38,97.1,17.8,17.8,20.5,281.8,800.3,326.9,1143,122,258,612,0
1770,42,Working,9.952E+07,349,85.97,93.8,17.0,17.0,18.8,281.6,800.3,325.4,1132,123,258,604,1
1800,42,Working,1.029E+08,347,86.47,134.7,18.0,18.0,18.8,282.1,800.3,325.4,1137,123,258,607,0
1830,42,Review,1.037E+08,345,86.95,108.6,17.6,17.6,19.4,281.8,800.3,326.0,1143,122,258,612,0
1860,43,Working,1.037E+08,335,89.63,106.0,18.4,18.4,19.4,281.5,800.3,325.8,1129,124,258,603,0
1890,43,Working,1.037E+08,342,87.64,123.8,18.3,18.3,20.1,282.4,800.3,326.5,1137,123,258,607,0
1920,43,Review,1.046E+08,346,86.62,97.0,19.3,19.3,20.1,282.2,800.3,326.8,1143,122,258,612,0
1950,44,Working,1.046E+08,345,87.14,100.1,18.5,18.5,20.1,282.3,800.3,326.8,1129,123,258,603,0
1980,44,Working,1.08E+08,345,86.97,97.6,19.5,19.5,20.1,282.8,800.3,326.8,1137,122,258,607,0
2010,44,Night,1.088E+08,347,86.48,102.9,18.9,18.9,21.2,282.1,800.3,327.2,1129,122,257,603,0
2040,45,Working,1.088E+08,346,86.59,96.2,19.7,19.7,21.2,282.1,800.3,327.2,1129,124,258,603,0
2070,45,Working,1.088E+08,347,86.37,96.7,15.1,15.1,21.2,282.7,800.3,327.6,1137,123,258,607,0
2100,45,Night,1.097E+08,348,86.19,96.0,16.4,16.4,21.2,282.3,800.3,327.7,1129,122,257,603,0
2130,46,Working,1.101E+08,344,87.29,103.7,15.6,15.6,21.2,282.3,800.3,327.7,1129,123,258,603,0
2160,46,Working,1.136E+08,341,87.99,102.3,17.0,17.0,21.2,282.8,800.3,327.8,1137,122,258,607,0
2190,46,Night,1.145E+08,344,87.13,105.6,16.2,16.2,21.2,282.4,800.3,327.7,1129,122,257,603,0
2220,47,Working,1.145E+08,343,87.58,102.2,17.4,17.4,21.2,282.1,800.3,327.5,1129,124,258,603,0
2250,47,Working,1.145E+08,343,87.56,102.6,16.5,16.5,21.2,282.6,800.3,327.6,1137,123,258,607,0
2280,47,Night,1.154E+08,344,87.07,102.1,16.3,16.3,21.2,282.1,800.3,327.5,1129,122,257,603,0
2310,48,Working,1.154E+08,344,87.24,102.1,17.2,17.2,21.2,282.1,800.3,327.5,1129,123,258,603,0
2340,48,Working,1.208E+08,345,87.05,99.6,16.7,16.7,21.2,282.6,800.3,327.6,1137,122,258,607,0
2370,49,Login,1.217E+08,343,87.29,108.0,17.8,17.8,21.2,282.4,800.3,327.7,1129,129,258,603,0
2400,49,Working,1.217E+08,344,87.27,99.5,17.0,17.0,20.9,282.1,800.3,327.6,1129,129,258,603,0
2430,49,Working,1.217E+08,346,86.68,104.1,18.1,18.1,20.9,282.4,800.3,327.6,1137,128,258,607,0
2460,50,Login,1.227E+08,338,88.88,111.0,17.5,17.5,18.9,281.9,800.3,325.6,1129,123,258,603,0
2490,50,Working,1.227E+08,345,86.94,101.5,18.5,18.5,18.9,282.0,800.3,325.6,1129,123,258,603,0
2520,50,Working,1.251E+08,339,88.34,120.0,17.8,17.8,19.3,282.7,800.3,326.0,1137,122,258,607,0
2550,51,Login,1.261E+08,339,88.53,111.9,18.8,18.8,19.3,282.2,800.3,326.0,1129,123,258,603,0
2580,51,Working,1.261E+08,346,86.84,108.3,18.1,18.1,19.7,282.2,800.3,326.3,1129,124,258,603,0
2610,51,Working,1.261E+08,348,86.22,97.6,19.1,19.1,19.7,282.7,800.3,326.3,1137,123,258,607,0
2640,52,Login,1.27E+08,347,86.26,95.8,18.4,18.4,20.1,282.3,800.3,326.7,1129,123,258,603,0
2670,52,Working,1.27E+08,348,86.40,102.6,19.3,19.3,20.1,282.3,800.3,326.7,1129,123,258,603,0
2700,52,Review,1.28E+08,345,86.81,143.1,19.0,19.0,20.3,282.5,800.3,327.1,1143,122,258,612,0
2730,53,Login,1.28E+08,345,86.99,112.3,19.6,19.6,20.3,282.4,800.3,327.0,1129,123,258,603,0
2760,53,Working,1.28E+08,343,87.35,106.8,15.0,15.0,20.6,282.4,800.3,327.3,1129,124,258,603,0
2790,53,Review,1.29E+08,339,88.63,173.8,16.8,16.8,20.6,282.6,800.3,327.4,1143,122,258,612,0
2820,54,Login,1.29E+08,345,87.05,121.7,15.7,15.7,20.6,282.5,800.3,327.4,1129,123,258,603,0
2850,54,Working,1.29E+08,338,88.76,127.3,15.7,15.7,20.6,282.4,800.3,327.3,1129,123,258,603,0
2880,54,Review,1.3E+08,339,88.28,140.8,17.0,17.0,20.6,282.7,800.3,327.5,1143,122,258,612,0
2910,55,Working,1.3E+08,346,86.78,96.3,15.9,15.9,20.6,282.6,800.3,327.4,1132,123,258,604,1
2940,55,Working,1.3E+08,344,87.20,101.7,17.0,17.0,20.6,283.1,800.3,327.5,1137,129,258,607,0
2970,55,Review,1.309E+08,347,86.47,96.2,16.5,16.5,20.6,282.6,800.3,327.5,1143,122,258,612,0
3000,56,Working,1.309E+08,347,86.51,91.5,17.4,17.4,20.6,282.7,800.3,327.3,1132,123,258,604,1
3030,56,Working,1.309E+08,347,86.41,96.4,16.6,16.6,20.6,282.9,800.3,327.4,1137,123,258,607,0
3060,56,Review,1.319E+08,347,86.50,102.0,17.0,17.0,20.5,282.6,800.3,327.5,1143,122,258,612,0
3090,57,Working,1.319E+08,347,86.53,94.6,17.7,17.7,20.5,282.6,800.3,327.4,1132,124,258,604,1
3120,57,Working,1.319E+08,347,86.43,96.9,19.2,19.2,20.6,283.0,800.3,327.5,1137,124,258,607,0
3150,57,Review,1.329E+08,348,86.23,95.9,18.3,18.3,19.4,282.6,800.3,326.3,1143,122,258,612,0
3180,58,Working,1.329E+08,345,86.92,107.6,19.4,19.4,19.4,282.5,800.3,326.2,1132,123,258,604,1
3210,58,Working,1.329E+08,345,86.79,98.8,18.2,18.2,19.7,283.0,800.3,326.5,1137,123,258,607,0
3240,58,Review,1.339E+08,348,86.28,99.3,19.8,19.8,19.8,282.6,800.3,326.7,1143,122,258,612,0
3270,59,Working,1.339E+08,345,87.03,98.5,18.5,18.5,20.0,282.4,800.3,326.6,1129,129,258,603,0
3300,59,Working,1.339E+08,346,86.62,98.0,19.8,19.8,20.0,282.9,800.3,326.6,1137,128,258,607,0
3330,59,Review,1.349E+08,347,86.55,96.4,18.9,18.9,20.4,282.6,800.3,327.2,1143,122,258,612,0
3360,60,Working,1.349E+08,343,87.38,107.9,19.9,19.9,20.4,283.0,800.3,327.0,1129,123,258,603,0
3390,60,Working,1.349E+08,346,86.65,98.5,15.6,15.6,20.6,283.4,800.3,327.3,1137,122,258,607,0
3420,60,Night,1.358E+08,348,86.23,95.9,15.4,15.4,20.6,283.1,800.3,327.4,1129,122,257,603,0
3450,61,Working,1.358E+08,346,86.67,96.5,16.5,16.5,20.6,282.9,800.3,327.3,1129,129,258,603,0
3480,61,Working,1.358E+08,347,86.50,97.6,16.1,16.1,20.6,283.4,800.3,327.3,1137,128,258,607,0
3510,61,Night,1.368E+08,347,86.50,96.3,17.6,17.6,20.6,282.8,800.3,327.4,1129,122,257,603,0
3540,62,Working,1.368E+08,346,86.70,96.7,16.4,16.4,20.6,283.3,800.3,327.3,1129,123,258,603,0
3570,62,Working,1.368E+08,319,94.06,158.7,17.7,17.7,20.6,284.0,800.3,327.4,1137,122,258,607,0
3600,62,Night,1.378E+08,336,89.28,169.3,16.9,16.9,20.6,283.4,800.3,327.5,1129,122,257,603,0
