seconds,day,phase,cps,frames,avg_ms,max_ms,gc_mb,mono_used_mb,mono_heap_mb,unity_alloc_mb,unity_reserved_mb,rss_mb,gameobjects,textures,materials,meshes,toasts,wasm_heap_mb,js_heap_mb
30,22,Working,1.715E+07,1798,16.71,89.0,13.6,13.6,38.6,83.1,103.9,-1.0,1143,122,256,614,1,,60.8
60,22,Review,1.732E+07,1797,16.69,58.0,12.7,12.7,38.6,83.4,103.9,-1.0,1145,121,256,617,0,,61.7
90,23,Working,1.732E+07,1800,16.67,26.0,14.4,14.4,38.6,83.6,103.9,-1.0,1144,122,256,615,3,,62.4
120,23,Working,1.732E+07,1800,16.67,30.0,14.1,14.1,38.6,83.6,103.9,-1.0,1141,122,256,614,0,,62.9
150,23,Review,1.749E+07,1801,16.67,26.0,16.1,16.1,38.6,83.9,103.9,-1.0,1147,121,256,619,0,,63.7
180,24,Working,2.809E+07,1800,16.67,28.0,15.0,15.0,38.6,83.9,103.9,-1.0,1257,122,256,652,3,,64.5
210,24,Working,2.828E+07,1800,16.67,33.0,13.8,13.8,38.6,83.9,103.9,-1.0,1145,122,256,616,1,,64.6
240,24,Review,2.856E+07,1800,16.67,32.0,16.5,16.5,38.6,84.0,103.9,-1.0,1147,121,256,619,0,,66.3
270,25,Working,2.856E+07,1800,16.67,24.0,13.5,13.5,38.6,84.0,103.9,-1.0,1136,122,256,611,1,,66.1
300,25,Working,2.856E+07,1800,16.67,29.0,15.1,15.1,38.6,84.0,103.9,-1.0,1141,122,256,614,0,,66.6
330,25,Review,2.856E+07,1800,16.67,25.0,16.9,16.9,38.6,84.0,103.9,-1.0,1145,121,256,617,0,,67.4
360,26,Working,3.604E+07,1800,16.67,29.0,13.6,13.6,38.6,84.0,103.9,-1.0,1142,122,256,613,3,,63.1
390,26,Working,3.604E+07,1800,16.67,27.0,15.3,15.3,38.6,84.0,103.9,-1.0,1141,121,256,614,0,,63.6
420,26,Review,3.639E+07,1800,16.67,27.0,12.9,12.9,38.6,84.0,103.9,-1.0,1147,121,256,619,0,,63.3
450,27,Working,3.639E+07,1800,16.67,27.0,13.8,13.8,38.6,84.1,103.9,-1.0,1133,122,256,610,0,,63.7
480,27,Working,3.639E+07,1800,16.67,24.0,15.4,15.4,38.6,84.1,103.9,-1.0,1141,121,256,614,0,,64.3
510,27,Night,3.639E+07,1800,16.67,24.0,12.8,12.8,38.6,84.1,103.9,-1.0,1145,121,256,617,0,,64.3
540,28,Working,4.515E+07,1800,16.67,23.0,13.8,13.8,38.6,84.1,103.9,-1.0,1139,122,256,612,2,,65.7
570,28,Working,4.515E+07,1801,16.67,24.0,15.9,15.9,38.6,84.0,103.9,-1.0,1141,121,256,614,0,,67.0
600,28,Night,4.558E+07,1800,16.67,22.0,13.7,13.7,38.6,84.1,103.9,-1.0,1133,121,255,610,0,,67.4
630,29,Working,4.558E+07,1800,16.67,27.0,14.9,14.9,38.6,84.1,103.9,-1.0,1133,122,256,610,0,,67.9
660,29,Working,4.558E+07,1800,16.67,22.0,16.6,16.6,38.6,84.1,103.9,-1.0,1141,121,256,614,0,,67.7
690,29,Night,4.558E+07,1800,16.67,24.0,13.6,13.6,38.6,84.1,103.9,-1.0,1133,121,255,610,0,,68.8
720,30,Working,5.1E+07,1798,16.68,38.0,14.9,14.9,38.6,84.1,103.9,-1.0,1136,122,256,611,1,,63.7
750,30,Working,5.1E+07,1800,16.67,26.0,16.6,16.6,38.6,84.1,103.9,-1.0,1141,121,256,614,0,,64.2
780,30,Night,5.149E+07,1800,16.67,21.0,13.9,13.9,38.6,84.1,103.9,-1.0,1134,121,255,611,0,,63.9
810,31,Working,5.184E+07,1800,16.67,31.0,15.4,15.4,38.6,84.1,103.9,-1.0,1134,122,256,611,0,,64.4
840,31,Working,5.184E+07,1798,16.68,45.0,12.9,12.9,38.6,84.1,103.9,-1.0,1142,121,256,615,0,,68.3
870,31,Night,5.233E+07,1800,16.67,25.0,14.1,14.1,38.6,84.0,103.9,-1.0,1134,121,255,611,0,,68.0
900,32,Working,7.249E+07,1800,16.67,25.0,15.5,15.5,38.6,84.1,103.9,-1.0,1137,122,256,612,1,,68.6
930,32,Working,7.249E+07,1798,16.68,60.0,13.0,13.0,38.6,84.1,103.9,-1.0,1143,121,256,616,0,,69.0
960,33,Login,7.317E+07,1800,16.67,22.0,14.4,14.4,38.6,84.1,103.9,-1.0,1135,122,256,612,0,,68.8
990,33,Working,7.317E+07,1801,16.67,24.0,15.8,15.8,38.6,84.1,103.9,-1.0,1135,122,256,612,0,,69.4
1020,33,Working,7.317E+07,1800,16.67,27.0,13.1,13.1,38.6,84.1,103.9,-1.0,1143,121,256,616,0,,70.1
1050,34,Login,7.317E+07,1800,16.67,26.0,14.3,14.3,38.6,84.1,103.9,-1.0,1135,122,256,612,0,,64.2
1080,34,Working,7.911E+07,1800,16.67,27.0,16.0,16.0,38.6,84.1,103.9,-1.0,1138,122,256,613,1,,64.7
1110,34,Working,7.911E+07,1800,16.67,25.0,13.3,13.3,38.6,84.2,103.9,-1.0,1144,121,256,617,0,,65.2
1140,35,Login,7.984E+07,1800,16.67,23.0,14.6,14.6,38.6,84.1,103.9,-1.0,1136,122,256,613,0,,64.9
1170,35,Working,7.984E+07,1800,16.67,26.0,16.1,16.1,38.6,84.2,103.9,-1.0,1136,122,256,613,0,,65.5
1200,35,Working,7.984E+07,1800,16.67,28.0,13.4,13.4,38.6,84.2,103.9,-1.0,1144,121,256,617,0,,66.0
1230,36,Login,8.057E+07,1800,16.67,22.0,14.6,14.6,38.6,84.1,103.9,-1.0,1136,122,256,613,0,,68.0
1260,36,Working,8.54E+07,1800,16.67,28.0,16.3,16.3,38.6,84.1,103.9,-1.0,1136,122,256,613,0,,70.8
1290,36,Review,8.618E+07,1800,16.67,26.0,14.0,14.0,38.6,84.1,103.9,-1.0,1150,121,256,622,0,,67.3
1320,37,Login,8.618E+07,1800,16.67,19.0,15.0,15.0,38.6,84.1,103.9,-1.0,1136,122,256,613,0,,67.0
1350,37,Working,8.618E+07,1799,16.68,37.0,16.6,16.6,38.6,84.2,103.9,-1.0,1136,122,256,613,0,,67.5
1380,37,Review,8.695E+07,1800,16.67,29.0,14.1,14.1,38.6,84.2,103.9,-1.0,1150,121,256,622,0,,68.0
1410,38,Login,8.695E+07,1801,16.67,19.0,15.1,15.1,38.6,84.2,103.9,-1.0,1136,122,256,613,0,,67.7
1440,38,Working,9.004E+07,1800,16.67,27.0,16.7,16.7,38.6,84.2,103.9,-1.0,1136,122,256,613,0,,68.3
1470,38,Review,9.085E+07,1800,16.67,25.0,14.1,14.1,38.6,84.2,103.9,-1.0,1150,121,256,622,0,,68.8
1500,39,Working,9.085E+07,1800,16.67,27.0,15.2,15.2,38.6,84.2,103.9,-1.0,1139,122,256,614,1,,68.5
1530,39,Working,9.085E+07,1800,16.67,23.0,16.9,16.9,38.6,84.2,103.9,-1.0,1144,122,256,617,0,,69.1
1560,39,Review,9.165E+07,1800,16.67,22.0,14.1,14.1,38.6,84.2,103.9,-1.0,1150,121,256,622,0,,69.5
1590,40,Working,9.165E+07,1800,16.67,25.0,15.3,15.3,38.6,83.9,103.9,-1.0,1139,122,256,614,1,,69.4
1620,40,Working,9.51E+07,1800,16.67,25.0,17.0,17.0,38.6,83.9,103.9,-1.0,1144,122,256,617,0,,69.9
1650,40,Review,9.594E+07,1800,16.67,25.0,14.2,14.2,38.6,84.1,103.9,-1.0,1150,121,256,622,0,,70.4
1680,41,Working,9.594E+07,1800,16.67,30.0,15.3,15.3,38.6,84.1,103.9,-1.0,1139,122,256,614,1,,70.1
1710,41,Working,9.594E+07,1800,16.67,26.0,13.0,13.0,38.6,84.1,103.9,-1.0,1144,122,256,617,0,,67.1
1740,41,Review,9.677E+07,1800,16.67,24.0,14.2,14.2,38.6,84.1,103.9,-1.0,1150,121,256,622,0,,67.5
1770,42,Working,9.677E+07,1800,16.67,28.0,15.3,15.3,38.6,84.1,103.9,-1.0,1139,122,256,614,1,,68.0
1800,42,Working,1E+08,1800,16.67,29.0,13.0,13.0,38.6,84.1,103.9,-1.0,1144,121,256,617,0,,67.8
1830,42,Review,1.009E+08,1801,16.67,22.0,14.2,14.2,38.6,84.1,103.9,-1.0,1150,121,256,622,0,,68.2
1860,43,Working,1.009E+08,1800,16.67,27.0,15.4,15.4,38.6,84.2,103.9,-1.0,1136,122,256,613,0,,70.7
1890,43,Working,1.009E+08,1800,16.67,24.0,13.0,13.0,38.6,84.2,103.9,-1.0,1144,121,256,617,0,,69.7
1920,43,Review,1.017E+08,1800,16.67,24.0,14.2,14.2,38.6,84.2,103.9,-1.0,1150,121,256,622,0,,70.0
1950,44,Working,1.017E+08,1800,16.67,26.0,15.4,15.4,38.6,83.9,103.9,-1.0,1136,122,256,613,0,,71.0
1980,44,Working,1.05E+08,1800,16.67,26.0,13.0,13.0,38.6,83.9,103.9,-1.0,1144,121,256,617,0,,70.8
2010,44,Night,1.059E+08,1800,16.67,23.0,14.3,14.3,38.6,84.2,103.9,-1.0,1136,121,255,613,0,,71.1
2040,45,Working,1.059E+08,1800,16.67,23.0,16.1,16.1,38.6,84.2,103.9,-1.0,1136,122,256,613,0,,71.7
2070,45,Working,1.059E+08,1800,16.67,26.0,13.2,13.2,38.6,84.1,103.9,-1.0,1144,121,256,617,0,,71.5
2100,45,Night,1.068E+08,1800,16.67,25.0,14.7,14.7,38.6,84.1,103.9,-1.0,1136,121,255,613,0,,71.8
2130,46,Working,1.071E+08,1800,16.67,27.0,16.3,16.3,38.6,84.1,103.9,-1.0,1136,122,256,613,0,,72.4
2160,46,Working,1.123E+08,1800,16.67,26.0,14.2,14.2,38.6,84.1,103.9,-1.0,1144,121,256,617,0,,72.2
2190,46,Night,1.132E+08,1800,16.67,21.0,15.9,15.9,38.6,84.1,103.9,-1.0,1136,121,255,613,0,,72.7
2220,47,Working,1.132E+08,1801,16.67,28.0,13.0,13.0,38.6,83.9,103.9,-1.0,1136,122,256,613,0,,73.3
2250,47,Working,1.132E+08,1800,16.67,25.0,14.4,14.4,38.6,83.9,103.9,-1.0,1144,121,256,617,0,,73.0
2280,47,Night,1.141E+08,1800,16.67,27.0,16.0,16.0,38.6,84.1,103.9,-1.0,1136,121,255,613,0,,68.8
2310,48,Working,1.141E+08,1800,16.67,28.0,13.2,13.2,38.6,84.1,103.9,-1.0,1136,122,256,613,0,,69.3
2340,48,Working,1.175E+08,1800,16.67,25.0,14.6,14.6,38.6,84.1,103.9,-1.0,1144,121,256,617,0,,69.8
2370,49,Login,1.185E+08,1800,16.67,22.0,16.2,16.2,38.6,84.1,103.9,-1.0,1136,122,256,613,0,,70.2
2400,49,Working,1.185E+08,1800,16.67,28.0,13.0,13.0,38.6,84.1,103.9,-1.0,1136,122,256,613,0,,70.0
2430,49,Working,1.185E+08,1800,16.67,23.0,14.5,14.5,38.6,84.1,103.9,-1.0,1144,121,256,617,0,,70.5
2460,50,Login,1.195E+08,1800,16.67,25.0,16.0,16.0,38.6,84.1,103.9,-1.0,1136,122,256,613,0,,70.9
2490,50,Working,1.195E+08,1799,16.68,35.0,13.1,13.1,38.6,83.8,103.9,-1.0,1136,122,256,613,0,,74.7
2520,50,Working,1.215E+08,1800,16.67,26.0,14.5,14.5,38.6,83.8,103.9,-1.0,1144,121,256,617,0,,75.2
2550,51,Login,1.225E+08,1800,16.67,19.0,16.0,16.0,38.6,84.1,103.9,-1.0,1136,122,256,613,0,,75.7
2580,51,Working,1.225E+08,1798,16.68,43.0,13.1,13.1,38.6,84.1,103.9,-1.0,1136,122,256,613,0,,76.0
2610,51,Working,1.225E+08,1800,16.67,26.0,14.6,14.6,38.6,84.1,103.9,-1.0,1144,121,256,617,0,,70.5
2640,52,Login,1.234E+08,1800,16.68,35.0,16.1,16.1,38.6,84.1,103.9,-1.0,1136,122,256,613,0,,70.9
2670,52,Working,1.234E+08,1800,16.67,26.0,13.2,13.2,38.6,84.1,103.9,-1.0,1136,122,256,613,0,,71.4
2700,52,Review,1.244E+08,1800,16.67,20.0,15.0,15.0,38.6,84.1,103.9,-1.0,1150,121,256,622,0,,71.2
2730,53,Login,1.244E+08,1800,16.67,18.0,16.1,16.1,38.6,84.1,103.9,-1.0,1136,122,256,613,0,,71.5
2760,53,Working,1.244E+08,1800,16.67,27.0,13.2,13.2,38.6,84.1,103.9,-1.0,1136,122,256,613,0,,72.1
2790,53,Review,1.254E+08,1800,16.67,27.0,15.0,15.0,38.6,84.1,103.9,-1.0,1150,121,256,622,0,,79.2
2820,54,Login,1.254E+08,1800,16.67,20.0,16.1,16.1,38.6,83.8,103.9,-1.0,1136,122,256,613,0,,75.9
2850,54,Working,1.254E+08,1800,16.67,27.0,13.2,13.2,38.6,83.9,103.9,-1.0,1136,122,256,613,0,,76.4
2880,54,Review,1.264E+08,1800,16.67,22.0,15.1,15.1,38.6,84.1,103.9,-1.0,1150,121,256,622,0,,76.8
2910,55,Working,1.264E+08,1800,16.67,26.0,16.3,16.3,38.6,84.1,103.9,-1.0,1139,122,256,614,1,,76.6
2940,55,Working,1.264E+08,1800,16.67,26.0,13.4,13.4,38.6,84.1,103.9,-1.0,1144,122,256,617,0,,77.1
2970,55,Review,1.274E+08,1800,16.67,22.0,15.1,15.1,38.6,84.1,103.9,-1.0,1150,121,256,622,0,,77.6
3000,56,Working,1.274E+08,1800,16.67,20.0,16.3,16.3,38.6,83.8,103.9,-1.0,1139,122,256,614,1,,78.0
3030,56,Working,1.274E+08,1800,16.67,20.0,13.5,13.5,38.6,83.9,103.9,-1.0,1144,122,256,617,0,,77.8
3060,56,Review,1.283E+08,1801,16.67,23.0,15.1,15.1,38.6,84.1,103.9,-1.0,1150,121,256,622,0,,78.2
3090,57,Working,1.283E+08,1800,16.67,25.0,16.4,16.4,38.6,84.1,103.9,-1.0,1139,122,256,614,1,,78.7
3120,57,Working,1.283E+08,1800,16.67,20.0,13.5,13.5,38.6,84.1,103.9,-1.0,1144,122,256,617,0,,78.5
3150,57,Review,1.293E+08,1800,16.67,17.0,15.2,15.2,38.6,84.1,103.9,-1.0,1150,121,256,622,0,,78.9
3180,58,Working,1.293E+08,1800,16.67,19.0,16.4,16.4,38.6,83.9,103.9,-1.0,1139,122,256,614,1,,79.5
3210,58,Working,1.293E+08,1800,16.67,21.0,13.6,13.6,38.6,83.9,103.9,-1.0,1144,121,256,617,0,,74.7
3240,58,Review,1.303E+08,1800,16.67,18.0,15.3,15.3,38.6,84.1,103.9,-1.0,1150,121,256,622,0,,75.0
3270,59,Working,1.303E+08,1800,16.67,21.0,16.5,16.5,38.6,84.1,103.9,-1.0,1136,122,256,613,0,,74.9
3300,59,Working,1.303E+08,1800,16.67,23.0,13.6,13.6,38.6,84.1,103.9,-1.0,1144,121,256,617,0,,75.5
3330,59,Review,1.313E+08,1800,16.67,28.0,15.3,15.3,38.6,84.1,103.9,-1.0,1150,121,256,622,0,,75.8
3360,60,Working,1.313E+08,1800,16.67,24.0,16.5,16.5,38.6,83.9,103.9,-1.0,1136,122,256,613,0,,75.7
3390,60,Working,1.313E+08,1800,16.67,26.0,13.6,13.6,38.6,83.9,103.9,-1.0,1144,121,256,617,0,,76.2
3420,60,Night,1.323E+08,1800,16.67,20.0,15.3,15.3,38.6,84.1,103.9,-1.0,1136,121,255,613,0,,76.6
3450,61,Working,1.323E+08,1800,16.67,26.0,16.6,16.6,38.6,84.1,103.9,-1.0,1136,122,256,613,0,,76.5
3480,61,Working,1.323E+08,1801,16.67,19.0,13.7,13.7,38.6,84.1,103.9,-1.0,1144,121,256,617,0,,77.0
3510,61,Night,1.332E+08,1800,16.67,19.0,15.2,15.2,38.6,83.8,103.9,-1.0,1136,121,255,613,0,,77.4
3540,62,Working,1.332E+08,1800,16.67,22.0,16.6,16.6,38.6,83.9,103.9,-1.0,1136,122,256,613,0,,77.2
3570,62,Working,1.332E+08,1800,16.67,26.0,13.7,13.7,38.6,83.9,103.9,-1.0,1144,121,256,617,0,,77.8
3600,62,Night,1.342E+08,1800,16.67,22.0,15.2,15.2,38.6,84.1,103.9,-1.0,1136,121,255,613,0,,77.5
3630,63,Working,1.342E+08,1800,16.67,27.0,16.6,16.6,38.6,84.1,103.9,-1.0,1136,122,256,613,0,,78.0
3660,63,Working,1.342E+08,1800,16.67,18.0,13.7,13.7,38.6,84.1,103.9,-1.0,1144,121,256,617,0,,74.4
3690,63,Night,1.352E+08,1800,16.67,23.0,15.2,15.2,38.6,83.8,103.9,-1.0,1136,121,255,613,0,,74.8
3720,64,Working,1.352E+08,1800,16.67,22.0,16.6,16.6,38.6,83.8,103.9,-1.0,1136,122,256,613,0,,76.1
3750,64,Working,1.352E+08,1800,16.67,18.0,13.7,13.7,38.6,83.8,103.9,-1.0,1144,121,256,617,0,,75.9
3780,65,Login,1.362E+08,1800,16.67,19.0,15.2,15.2,38.6,84.1,103.9,-1.0,1136,122,256,613,0,,76.4
3810,65,Working,1.362E+08,1799,16.68,44.0,16.6,16.6,38.6,84.1,103.9,-1.0,1136,122,256,613,0,,76.9
3840,65,Working,1.362E+08,1800,16.67,28.0,13.7,13.7,38.6,84.1,103.9,-1.0,1144,121,256,617,0,,77.4
3870,66,Login,1.372E+08,1800,16.67,17.0,15.2,15.2,38.6,83.9,103.9,-1.0,1136,122,256,613,0,,77.1
3900,66,Working,1.372E+08,1801,16.67,27.0,16.7,16.7,38.6,83.9,103.9,-1.0,1136,122,256,613,0,,77.7
3930,66,Working,1.372E+08,1800,16.67,24.0,13.8,13.8,38.6,83.9,103.9,-1.0,1144,121,256,617,0,,78.1
3960,67,Login,1.381E+08,1800,16.67,19.0,15.3,15.3,38.6,84.1,103.9,-1.0,1136,122,256,613,0,,77.9
3990,67,Working,1.381E+08,1800,16.67,22.0,16.8,16.8,38.6,84.1,103.9,-1.0,1136,122,256,613,0,,78.5
4020,67,Working,1.381E+08,1800,16.67,17.0,13.8,13.8,38.6,84.1,103.9,-1.0,1144,121,256,617,0,,79.0
4050,68,Login,1.391E+08,1800,16.67,17.0,15.2,15.2,38.6,83.8,103.9,-1.0,1136,122,256,613,0,,78.7
4080,68,Working,1.391E+08,1800,16.67,21.0,16.8,16.8,38.6,83.9,103.9,-1.0,1136,122,256,613,0,,73.6
4110,68,Review,1.401E+08,1800,16.67,18.0,14.2,14.2,38.6,83.9,103.9,-1.0,1150,121,256,622,0,,74.1
4140,69,Login,1.401E+08,1800,16.67,18.0,15.2,15.2,38.6,84.1,103.9,-1.0,1136,122,256,613,0,,73.8
4170,69,Working,1.401E+08,1800,16.67,19.0,16.8,16.8,38.6,84.1,103.9,-1.0,1136,122,256,613,0,,74.3
4200,69,Review,1.411E+08,1800,16.67,22.0,14.7,14.7,38.6,84.1,103.9,-1.0,1150,121,256,622,0,,84.6
4230,70,Login,1.411E+08,1800,16.67,17.0,15.7,15.7,38.6,83.8,103.9,-1.0,1136,122,256,613,0,,79.1
4260,70,Working,1.411E+08,1800,16.67,19.0,13.0,13.0,38.6,83.9,103.9,-1.0,1136,122,256,613,0,,79.6
4290,70,Review,1.421E+08,1800,16.67,18.0,15.3,15.3,38.6,84.2,103.9,-1.0,1150,121,256,622,0,,80.2
4320,71,Working,3.03E+08,1801,16.67,20.0,16.7,16.7,38.6,84.1,103.9,-1.0,1155,122,256,620,3,,79.8
4350,71,Working,3.041E+08,1800,16.67,17.0,14.1,14.1,38.6,84.4,103.9,-1.0,1144,122,256,617,0,,80.4
4380,71,Review,3.062E+08,1800,16.67,18.0,16.0,16.0,38.6,84.4,103.9,-1.0,1150,121,256,622,0,,80.9
4410,72,Working,3.062E+08,1800,16.67,17.0,17.1,17.1,38.6,84.3,103.9,-1.0,1139,122,256,614,1,,80.7
4440,72,Working,3.062E+08,1800,16.67,17.0,14.0,14.0,38.6,84.3,103.9,-1.0,1144,122,256,617,0,,81.2
4470,72,Review,3.083E+08,1800,16.67,20.0,15.8,15.8,38.6,84.3,103.9,-1.0,1150,121,256,622,0,,81.6
4500,73,Working,3.257E+08,1800,16.67,18.0,17.0,17.0,38.6,84.3,103.9,-1.0,1139,122,256,614,1,,81.5
4530,73,Working,3.257E+08,1800,16.67,18.0,14.1,14.1,38.6,84.3,103.9,-1.0,1144,122,256,617,0,,82.1
4560,73,Review,3.279E+08,1800,16.67,18.0,15.8,15.8,38.6,84.3,103.9,-1.0,1150,121,256,622,0,,82.5
4590,74,Working,3.279E+08,1800,16.67,18.0,17.0,17.0,38.6,84.3,103.9,-1.0,1139,122,256,614,1,,82.3
4620,74,Working,3.279E+08,1800,16.67,19.0,13.9,13.9,38.6,84.3,103.9,-1.0,1144,121,256,617,0,,82.8
4650,74,Review,3.301E+08,1800,16.67,18.0,15.7,15.7,38.6,84.3,103.9,-1.0,1150,121,256,622,0,,79.5
4680,75,Working,3.438E+08,1800,16.67,19.0,17.0,17.0,38.6,84.3,103.9,-1.0,1136,122,256,613,0,,79.3
4710,75,Working,3.438E+08,1800,16.67,18.0,14.0,14.0,38.6,84.3,103.9,-1.0,1144,121,256,617,0,,79.9
4740,75,Review,3.461E+08,1801,16.67,18.0,15.7,15.7,38.6,84.3,103.9,-1.0,1150,121,256,622,0,,80.2
4770,76,Working,3.473E+08,1800,16.67,19.0,13.0,13.0,38.6,84.4,103.9,-1.0,1136,122,256,613,0,,80.1
4800,76,Working,3.484E+08,1800,16.67,17.0,14.2,14.2,38.6,84.3,103.9,-1.0,1144,121,256,617,0,,80.7
4830,76,Night,3.508E+08,1800,16.67,18.0,15.9,15.9,38.6,84.3,103.9,-1.0,1136,121,255,613,0,,81.0
4860,77,Working,3.643E+08,1800,16.67,18.0,13.1,13.1,38.6,84.3,103.9,-1.0,1136,122,256,613,0,,81.0
4890,77,Working,3.643E+08,1800,16.67,24.0,14.4,14.4,38.6,84.4,103.9,-1.0,1144,121,256,617,0,,89.5
4920,77,Night,3.667E+08,1800,16.67,22.0,16.0,16.0,38.6,84.4,103.9,-1.0,1136,121,255,613,0,,82.7
4950,78,Working,3.667E+08,1800,16.67,18.0,13.0,13.0,38.6,84.4,103.9,-1.0,1136,122,256,613,0,,82.5
4980,78,Working,3.667E+08,1800,16.67,18.0,14.3,14.3,38.6,84.4,103.9,-1.0,1144,121,256,617,0,,83.0
5010,78,Night,3.691E+08,1800,16.67,18.0,15.9,15.9,38.6,84.4,103.9,-1.0,1136,121,255,613,0,,83.4
5040,79,Working,3.856E+08,1800,16.67,18.0,13.0,13.0,38.6,84.4,103.9,-1.0,1136,122,256,613,0,,83.2
5070,79,Working,3.856E+08,1800,16.67,20.0,14.3,14.3,38.6,84.4,103.9,-1.0,1144,121,256,617,0,,83.8
5100,79,Night,3.881E+08,1800,16.67,18.0,15.9,15.9,38.6,84.4,103.9,-1.0,1136,121,255,613,0,,84.1
5130,80,Working,3.881E+08,1801,16.67,18.0,13.0,13.0,38.6,84.1,103.9,-1.0,1136,122,256,613,0,,84.7
5160,80,Working,3.881E+08,1800,16.67,18.0,14.4,14.4,38.6,84.1,103.9,-1.0,1144,121,256,617,0,,84.5
5190,81,Login,3.906E+08,1800,16.67,17.0,15.9,15.9,38.6,84.4,103.9,-1.0,1136,122,256,613,0,,84.9
5220,81,Working,4.028E+08,1800,16.67,18.0,13.0,13.0,38.6,84.4,103.9,-1.0,1136,122,256,613,0,,85.5
5250,81,Working,4.028E+08,1800,16.67,19.0,14.4,14.4,38.6,84.4,103.9,-1.0,1144,121,256,617,0,,85.3
5280,82,Login,4.054E+08,1800,16.67,18.0,15.9,15.9,38.6,84.4,103.9,-1.0,1136,122,256,613,0,,85.7
5310,82,Working,4.054E+08,1800,16.67,20.0,13.1,13.1,38.6,84.4,103.9,-1.0,1136,122,256,613,0,,86.3
5340,82,Working,4.054E+08,1800,16.67,19.0,14.5,14.5,38.6,84.4,103.9,-1.0,1144,121,256,617,0,,82.1
5370,83,Login,4.08E+08,1800,16.67,17.0,16.0,16.0,38.6,84.4,103.9,-1.0,1136,122,256,613,0,,82.5
5400,83,Working,4.2E+08,1800,16.67,18.0,13.1,13.1,38.6,84.1,103.9,-1.0,1136,122,256,613,0,,83.0
5430,83,Working,4.2E+08,1800,16.67,19.0,14.9,14.9,38.6,84.4,103.9,-1.0,1144,121,256,617,0,,83.6
5460,84,Login,4.227E+08,1800,16.67,17.0,16.4,16.4,38.6,84.3,103.9,-1.0,1136,122,256,613,0,,83.2
5490,84,Working,4.227E+08,1800,16.67,17.0,13.5,13.5,38.6,84.4,103.9,-1.0,1136,122,256,613,0,,83.7
5520,84,Review,4.254E+08,1800,16.67,18.0,15.4,15.4,38.6,84.3,103.9,-1.0,1150,121,256,622,0,,84.3
5550,85,Login,4.254E+08,1801,16.67,18.0,16.5,16.5,38.6,84.3,103.9,-1.0,1136,122,256,613,0,,84.1
5580,85,Working,4.373E+08,1800,16.67,17.0,13.4,13.4,38.6,84.4,103.9,-1.0,1136,122,256,613,0,,84.6
5610,85,Review,4.401E+08,1800,16.67,18.0,15.3,15.3,38.6,84.4,103.9,-1.0,1150,121,256,622,0,,85.1
5640,86,Login,4.401E+08,1800,16.67,17.0,16.4,16.4,38.6,84.4,103.9,-1.0,1136,122,256,613,0,,84.9
5670,86,Working,4.401E+08,1800,16.67,18.0,13.5,13.5,38.6,84.4,103.9,-1.0,1136,122,256,613,0,,85.5
5700,86,Review,4.428E+08,1800,16.67,17.0,15.4,15.4,38.6,84.4,103.9,-1.0,1150,121,256,622,0,,85.3
5730,87,Working,4.428E+08,1800,16.67,18.0,16.6,16.6,38.6,84.1,103.9,-1.0,1139,122,256,614,1,,85.8
5760,87,Working,4.505E+08,1800,16.67,18.0,13.6,13.6,38.6,84.2,103.9,-1.0,1144,122,256,617,0,,86.4
5790,87,Review,4.533E+08,1800,16.67,18.0,15.4,15.4,38.6,84.4,103.9,-1.0,1150,121,256,622,0,,82.6
5820,88,Working,4.533E+08,1800,16.67,18.0,16.6,16.6,38.6,84.4,103.9,-1.0,1139,122,256,614,1,,83.1
5850,88,Working,4.533E+08,1800,16.67,18.0,13.7,13.7,38.6,84.4,103.9,-1.0,1144,122,256,617,0,,82.8
5880,88,Review,4.561E+08,1800,16.67,18.0,15.5,15.5,38.6,84.4,103.9,-1.0,1150,121,256,622,0,,83.3
5910,89,Working,4.561E+08,1800,16.67,18.0,16.7,16.7,38.6,84.4,103.9,-1.0,1139,122,256,614,1,,83.9
5940,89,Working,4.635E+08,1800,16.67,18.0,13.9,13.9,38.6,84.4,103.9,-1.0,1144,122,256,617,0,,83.7
5970,89,Review,4.664E+08,1801,16.67,18.0,15.6,15.6,38.6,84.4,103.9,-1.0,1150,121,256,622,0,,84.2
6000,90,Working,4.664E+08,1800,16.67,18.0,16.8,16.8,38.6,84.4,103.9,-1.0,1139,122,256,614,1,,84.7
6030,90,Working,4.664E+08,1800,16.67,17.0,13.9,13.9,38.6,84.4,103.9,-1.0,1144,121,256,617,0,,84.5
6060,90,Review,4.692E+08,1800,16.67,18.0,15.7,15.7,38.6,84.4,103.9,-1.0,1150,121,256,622,0,,84.9
6090,91,Working,4.692E+08,1800,16.67,17.0,16.9,16.9,38.6,84.2,103.9,-1.0,1136,122,256,613,0,,85.5
6120,91,Working,4.887E+08,1800,16.67,18.0,14.0,14.0,38.6,84.2,103.9,-1.0,1144,121,256,617,0,,85.3
6150,91,Review,4.917E+08,1800,16.67,18.0,15.7,15.7,38.6,84.4,103.9,-1.0,1150,121,256,622,0,,85.7
6180,92,Working,4.917E+08,1800,16.67,18.0,13.0,13.0,38.6,84.4,103.9,-1.0,1136,122,256,613,0,,85.6
6210,92,Working,4.917E+08,1800,16.67,18.0,14.1,14.1,38.6,84.4,103.9,-1.0,1144,121,256,617,0,,86.1
6240,92,Night,4.947E+08,1800,16.67,18.0,15.9,15.9,38.6,84.4,103.9,-1.0,1136,121,255,613,0,,86.5
6270,93,Working,4.947E+08,1800,16.67,18.0,13.0,13.0,38.6,84.4,103.9,-1.0,1136,122,256,613,0,,83.2
6300,93,Working,5.094E+08,1800,16.67,23.0,14.2,14.2,38.6,84.4,103.9,-1.0,1144,121,256,617,0,,91.2
6330,93,Night,5.125E+08,1800,16.67,18.0,15.8,15.8,38.6,84.4,103.9,-1.0,1136,121,255,613,0,,91.0
6360,94,Working,5.125E+08,1800,16.67,18.0,13.0,13.0,38.6,84.4,103.9,-1.0,1136,122,256,613,0,,91.5
6390,94,Working,5.125E+08,1801,16.67,18.0,14.2,14.2,38.6,84.4,103.9,-1.0,1144,121,256,617,0,,92.1
6420,94,Night,5.155E+08,1800,16.67,17.0,15.9,15.9,38.6,84.4,103.9,-1.0,1136,121,255,613,0,,91.8
6450,95,Working,5.155E+08,1800,16.67,18.0,13.1,13.1,38.6,84.4,103.9,-1.0,1136,122,256,613,0,,92.3
6480,95,Working,5.289E+08,1800,16.67,18.0,14.3,14.3,38.6,84.4,103.9,-1.0,1144,121,256,617,0,,92.9
6510,95,Night,5.321E+08,1800,16.67,18.0,15.9,15.9,38.6,84.4,103.9,-1.0,1136,121,255,613,0,,92.5
6540,96,Working,5.321E+08,1800,16.67,18.0,13.1,13.1,38.6,84.4,103.9,-1.0,1136,122,256,613,0,,93.0
6570,96,Working,5.321E+08,1800,16.67,17.0,14.4,14.4,38.6,84.4,103.9,-1.0,1144,121,256,617,0,,93.5
6600,97,Login,5.352E+08,1800,16.67,17.0,15.9,15.9,38.6,84.4,103.9,-1.0,1136,122,256,613,0,,93.9
6630,97,Working,5.352E+08,1800,16.67,18.0,13.1,13.1,38.6,84.2,103.9,-1.0,1136,122,256,613,0,,93.8
6660,97,Working,5.43E+08,1800,16.67,17.0,15.2,15.2,38.6,84.2,103.9,-1.0,1144,121,256,617,0,,94.4
6690,98,Login,5.461E+08,1800,16.67,17.0,16.8,16.8,38.6,84.5,103.9,-1.0,1136,122,256,613,0,,94.7
6720,98,Working,5.461E+08,1800,16.67,23.0,13.6,13.6,38.6,84.4,103.9,-1.0,1136,122,256,613,0,,94.4
6750,98,Working,5.461E+08,1800,16.67,19.0,15.3,15.3,38.6,84.4,103.9,-1.0,1144,121,256,617,0,,94.9
6780,99,Login,5.493E+08,1800,16.67,18.0,16.8,16.8,38.6,84.5,103.9,-1.0,1136,122,256,613,0,,90.9
6810,99,Working,5.493E+08,1801,16.67,18.0,13.7,13.7,38.6,84.4,103.9,-1.0,1136,122,256,613,0,,91.5
6840,99,Working,5.626E+08,1800,16.67,18.0,15.3,15.3,38.6,84.5,103.9,-1.0,1144,121,256,617,0,,92.0
6870,100,Login,5.677E+08,1800,16.67,17.0,16.9,16.9,38.6,84.4,103.9,-1.0,1136,122,256,613,0,,91.7
6900,100,Working,5.677E+08,1800,16.67,18.0,13.8,13.8,38.6,84.5,103.9,-1.0,1136,122,256,613,0,,92.2
6930,100,Review,5.71E+08,1800,16.67,18.0,15.8,15.8,38.6,84.4,103.9,-1.0,1150,121,256,622,0,,92.8
6960,101,Login,5.71E+08,1800,16.67,18.0,16.9,16.9,38.6,84.4,103.9,-1.0,1136,122,256,613,0,,93.2
6990,101,Working,5.71E+08,1800,16.67,18.0,13.8,13.8,38.6,84.2,103.9,-1.0,1136,122,256,613,0,,93.0
7020,101,Review,5.743E+08,1800,16.67,17.0,15.7,15.7,38.6,84.4,103.9,-1.0,1150,121,256,622,0,,93.5
7050,102,Login,5.743E+08,1800,16.67,18.0,16.8,16.8,38.6,84.4,103.9,-1.0,1136,122,256,613,0,,93.9
7080,102,Working,5.743E+08,1800,16.67,18.0,13.8,13.8,38.6,84.4,103.9,-1.0,1136,122,256,613,0,,93.7
7110,102,Review,5.775E+08,1800,16.67,17.0,15.7,15.7,38.6,84.4,103.9,-1.0,1150,121,256,622,0,,94.2
7140,103,Working,5.775E+08,1800,16.67,18.0,16.9,16.9,38.6,84.2,103.9,-1.0,1139,122,256,614,1,,94.6
7170,103,Working,5.775E+08,1800,16.67,18.0,13.9,13.9,38.6,84.2,103.9,-1.0,1144,122,256,617,0,,94.5
