seconds,day,phase,cps,frames,avg_ms,max_ms,gc_mb,mono_used_mb,mono_heap_mb,unity_alloc_mb,unity_reserved_mb,rss_mb,gameobjects,textures,materials,meshes,toasts,wasm_heap_mb,js_heap_mb,gl_counter,gl_largest,gl_live,gl_buffers_live,gl_textures_live
30,22,Working,1.715E+07,1633,18.41,164.0,12.9,12.9,38.6,82.9,103.9,-1.0,1150,122,256,616,1,,60.7,362,1157,1049,719,122
60,22,Review,1.732E+07,1686,17.80,344.0,15.3,15.3,38.6,83.3,103.9,-1.0,1152,121,256,619,0,,60.9,371,1157,1001,671,121
90,23,Working,1.732E+07,1788,16.78,46.0,13.1,13.1,38.6,83.5,103.9,-1.0,1151,122,256,617,3,,61.5,371,1218,1174,841,122
120,23,Working,1.732E+07,1774,16.91,109.0,15.0,15.0,38.6,83.6,103.9,-1.0,1148,122,256,616,0,,62.0,371,1218,1136,803,122
150,23,Review,1.749E+07,1708,17.56,116.0,13.6,13.6,38.6,83.8,103.9,-1.0,1154,121,256,621,0,,62.2,371,1218,1056,726,121
180,24,Working,2.809E+07,1659,18.08,314.0,17.0,17.0,38.6,83.8,103.9,-1.0,1264,122,256,654,3,,62.0,371,1218,1094,761,122
210,24,Working,2.828E+07,1771,16.93,113.0,16.0,16.0,38.6,83.8,103.9,-1.0,1152,122,256,618,1,,62.6,371,1218,1129,796,122
240,24,Review,2.856E+07,1788,16.78,45.0,14.1,14.1,38.6,83.8,103.9,-1.0,1155,121,256,622,0,,63.1,371,1218,1061,731,121
270,25,Working,2.856E+07,1799,16.68,44.0,15.5,15.5,38.6,83.8,103.9,-1.0,1144,122,256,614,1,,62.9,371,1218,1101,768,122
300,25,Working,2.856E+07,1785,16.81,139.0,12.9,12.9,38.6,83.9,103.9,-1.0,1149,122,256,617,0,,63.4,371,1218,1125,792,122
330,25,Review,2.856E+07,1626,18.45,175.0,14.2,14.2,38.6,83.9,103.9,-1.0,1153,121,256,620,0,,63.5,371,1218,1080,750,121
360,26,Working,3.604E+07,1720,17.44,412.0,15.5,15.5,38.6,83.9,103.9,-1.0,1150,122,256,616,3,,63.5,371,1243,1166,830,122
390,26,Working,3.604E+07,1735,17.29,155.0,13.4,13.4,38.6,83.9,103.9,-1.0,1149,121,256,617,0,,63.7,371,1248,1178,845,121
420,26,Review,3.639E+07,1776,16.89,92.0,14.8,14.8,38.6,83.9,103.9,-1.0,1155,121,256,622,0,,61.0,371,1248,1100,767,121
450,27,Working,3.639E+07,1764,17.02,111.0,16.0,16.0,38.6,83.9,103.9,-1.0,1141,122,256,613,0,,60.6,371,1313,1196,860,122
480,27,Working,3.639E+07,1722,17.42,329.0,14.3,14.3,38.6,83.9,103.9,-1.0,1149,121,256,617,0,,61.4,371,1313,1188,855,121
510,27,Review,3.674E+07,1799,16.68,35.0,15.8,15.8,38.6,83.9,103.9,-1.0,1155,121,256,622,0,,61.1,371,1313,1133,800,121
540,28,Working,4.293E+07,1743,17.21,99.0,13.0,13.0,38.6,83.9,103.9,-1.0,1144,122,256,614,1,,61.3,371,1313,1185,849,122
570,28,Working,4.293E+07,1772,16.93,90.0,14.3,14.3,38.6,83.8,103.9,-1.0,1149,121,256,617,0,,61.7,371,1313,1182,849,121
600,28,Night,4.334E+07,1793,16.73,55.0,16.1,16.1,38.6,83.8,103.9,-1.0,1141,121,255,613,0,,62.0,371,1313,1373,1034,121
630,29,Working,4.334E+07,1774,16.91,178.0,13.1,13.1,38.6,83.8,103.9,-1.0,1141,122,256,613,0,,62.5,371,1502,1353,1011,122
660,29,Working,4.334E+07,1793,16.73,45.0,14.5,14.5,38.6,83.8,103.9,-1.0,1149,121,256,617,0,,62.9,371,1502,1354,1015,121
690,29,Night,4.375E+07,1800,16.67,23.0,16.2,16.2,38.6,83.8,103.9,-1.0,1141,121,255,613,0,,62.6,371,1502,1348,1009,121
720,30,Working,4.731E+07,1777,16.88,121.0,13.2,13.2,38.6,83.8,103.9,-1.0,1144,122,256,614,1,,63.0,371,1579,1428,1083,122
750,30,Working,4.731E+07,1415,21.20,573.0,14.4,14.4,38.6,83.9,103.9,-1.0,1149,121,256,617,0,,63.0,371,1579,1439,1097,121
780,30,Night,4.776E+07,1675,17.91,203.0,16.1,16.1,38.6,84.0,103.9,-1.0,1141,121,255,613,0,,63.5,371,1579,1404,1062,121
810,31,Working,4.809E+07,1765,17.00,166.0,13.3,13.3,38.6,83.9,103.9,-1.0,1145,128,256,615,1,,64.0,371,1609,1824,1465,129
840,31,Working,4.809E+07,1726,17.38,88.0,14.6,14.6,38.6,83.9,103.9,-1.0,1149,127,256,617,0,,60.8,371,1609,1827,1471,128
870,31,Night,4.853E+07,1779,16.87,101.0,16.2,16.2,38.6,83.9,103.9,-1.0,1141,121,255,613,0,,61.1,371,1609,1429,1087,121
900,32,Working,5.406E+07,1799,16.68,30.0,13.2,13.2,38.6,83.6,103.9,-1.0,1144,122,256,614,1,,61.6,371,1627,1448,1103,122
930,32,Working,5.406E+07,1797,16.69,37.0,14.6,14.6,38.6,83.8,103.9,-1.0,1149,121,256,617,0,,61.4,371,1627,1442,1100,121
960,32,Night,5.456E+07,1776,16.89,66.0,16.1,16.1,38.6,83.8,103.9,-1.0,1141,121,255,613,0,,61.7,371,1627,1430,1088,121
990,33,Working,5.475E+07,1740,17.24,99.0,13.2,13.2,38.6,83.8,103.9,-1.0,1141,128,256,613,0,,62.0,371,1627,1841,1482,129
1020,33,Working,5.475E+07,1781,16.84,71.0,15.2,15.2,38.6,83.8,103.9,-1.0,1149,127,256,617,0,,62.4,371,1627,1816,1460,128
1050,34,Login,5.524E+07,1801,16.66,27.0,16.7,16.7,38.6,83.8,103.9,-1.0,1141,122,256,613,0,,62.8,371,1627,1506,1161,122
1080,34,Working,7.623E+07,1800,16.67,30.0,13.5,13.5,38.6,83.9,103.9,-1.0,1144,122,256,614,1,,62.6,371,1627,1445,1100,122
1110,34,Working,7.623E+07,1761,17.04,97.0,15.1,15.1,38.6,83.9,103.9,-1.0,1150,121,256,618,0,,63.6,371,1627,1454,1112,121
1140,35,Login,7.692E+07,1731,17.33,201.0,16.6,16.6,38.6,83.9,103.9,-1.0,1142,122,256,614,0,,63.6,371,1627,1504,1159,122
1170,35,Working,7.692E+07,1648,18.22,268.0,13.6,13.6,38.6,83.9,103.9,-1.0,1142,128,256,614,0,,63.4,371,1627,1841,1482,129
1200,35,Working,7.692E+07,1634,18.35,226.0,15.2,15.2,38.6,84.0,103.9,-1.0,1150,121,256,618,0,,63.7,371,1627,1451,1109,121
1230,36,Login,7.76E+07,1795,16.71,40.0,16.7,16.7,38.6,83.9,103.9,-1.0,1142,122,256,614,0,,60.7,371,1627,1482,1137,122
1260,36,Working,8.461E+07,1801,16.67,31.0,13.7,13.7,38.6,83.9,103.9,-1.0,1145,122,256,615,1,,61.2,371,1627,1459,1114,122
1290,36,Review,8.536E+07,1800,16.67,31.0,15.6,15.6,38.6,83.9,103.9,-1.0,1156,121,256,623,0,,61.0,371,1627,1463,1121,121
1320,37,Login,8.536E+07,1800,16.67,26.0,16.8,16.8,38.6,83.9,103.9,-1.0,1142,122,256,614,0,,61.4,371,1627,1498,1153,122
1350,37,Working,8.536E+07,1800,16.67,28.0,13.8,13.8,38.6,83.8,103.9,-1.0,1142,122,256,614,0,,62.0,371,1627,1461,1116,122
1380,37,Review,8.611E+07,1791,16.75,58.0,15.8,15.8,38.6,83.8,103.9,-1.0,1156,121,256,623,0,,62.4,371,1627,1386,1044,121
1410,38,Login,8.611E+07,1789,16.77,63.0,12.8,12.8,38.6,83.8,103.9,-1.0,1142,122,256,614,0,,62.1,371,1627,1476,1131,122
1440,38,Working,9.089E+07,1797,16.69,57.0,13.9,13.9,38.6,83.6,103.9,-1.0,1142,122,256,614,0,,62.6,371,1627,1451,1106,122
1470,38,Review,9.169E+07,1790,16.76,74.0,16.2,16.2,38.6,83.9,103.9,-1.0,1156,121,256,623,0,,63.1,371,1627,1385,1043,121
1500,39,Working,9.169E+07,1790,16.76,84.0,13.1,13.1,38.6,83.9,103.9,-1.0,1145,122,256,615,1,,63.4,371,1640,1557,1212,122
1530,39,Working,9.169E+07,1766,16.99,102.0,14.4,14.4,38.6,83.9,103.9,-1.0,1150,122,256,618,0,,63.1,371,1640,1452,1107,122
1560,39,Review,9.248E+07,1771,16.94,135.0,16.2,16.2,38.6,83.9,103.9,-1.0,1156,121,256,623,0,,63.4,371,1640,1373,1031,121
1590,40,Working,9.248E+07,1707,17.57,748.0,13.1,13.1,38.6,83.9,103.9,-1.0,1145,122,256,615,1,,64.1,371,1640,1624,1279,122
1620,40,Working,9.571E+07,1800,16.67,30.0,14.4,14.4,38.6,83.9,103.9,-1.0,1150,122,256,618,0,,60.9,371,1640,1481,1136,122
1650,40,Review,9.652E+07,1799,16.68,27.0,16.3,16.3,38.6,83.9,103.9,-1.0,1156,121,256,623,0,,61.3,371,1640,1384,1042,121
1680,41,Working,9.652E+07,1800,16.68,27.0,13.2,13.2,38.6,83.9,103.9,-1.0,1145,122,256,615,1,,61.1,371,1640,1446,1101,122
1710,41,Working,9.652E+07,1786,16.80,112.0,14.6,14.6,38.6,83.9,103.9,-1.0,1150,122,256,618,0,,61.6,371,1640,1503,1158,122
1740,41,Review,9.734E+07,1788,16.77,97.0,16.5,16.5,38.6,83.8,103.9,-1.0,1156,121,256,623,0,,61.9,371,1640,1383,1041,121
1770,42,Working,9.734E+07,1768,16.97,131.0,13.3,13.3,38.6,83.6,103.9,-1.0,1145,122,256,615,1,,62.3,371,1640,1444,1099,122
1800,42,Working,1.009E+08,1784,16.82,137.0,14.7,14.7,38.6,83.6,103.9,-1.0,1150,122,256,618,0,,62.7,371,1640,1484,1139,122
1830,42,Review,1.018E+08,1773,16.92,227.0,16.5,16.5,38.6,84.0,103.9,-1.0,1156,121,256,623,0,,63.0,371,1640,1375,1033,121
1860,43,Working,1.018E+08,1793,16.73,53.0,13.3,13.3,38.6,84.0,103.9,-1.0,1145,122,256,615,1,,62.8,371,1640,1446,1101,122
1890,43,Working,1.018E+08,1800,16.67,30.0,14.7,14.7,38.6,83.9,103.9,-1.0,1150,121,256,618,0,,63.3,371,1640,1478,1136,121
1920,43,Review,1.026E+08,1799,16.68,34.0,16.5,16.5,38.6,83.9,103.9,-1.0,1156,121,256,623,0,,63.8,371,1640,1374,1032,121
1950,44,Working,1.026E+08,1796,16.70,86.0,13.3,13.3,38.6,84.0,103.9,-1.0,1142,122,256,614,0,,63.6,371,1640,1458,1113,122
1980,44,Working,1.06E+08,1799,16.68,34.0,14.8,14.8,38.6,83.9,103.9,-1.0,1150,121,256,618,0,,64.1,371,1640,1446,1104,121
2010,44,Review,1.069E+08,1799,16.68,30.0,16.6,16.6,38.6,83.9,103.9,-1.0,1156,121,256,623,0,,61.0,371,1640,1385,1043,121
2040,45,Working,1.069E+08,1798,16.68,33.0,13.4,13.4,38.6,83.9,103.9,-1.0,1142,122,256,614,0,,60.9,371,1640,1443,1098,122
2070,45,Working,1.069E+08,1764,17.01,84.0,14.8,14.8,38.6,83.9,103.9,-1.0,1150,121,256,618,0,,61.2,371,1640,1449,1107,121
2100,45,Review,1.078E+08,1392,21.56,619.0,16.5,16.5,38.6,83.9,103.9,-1.0,1156,121,256,623,0,,61.8,371,1640,1386,1044,121
2130,46,Working,1.081E+08,1092,27.48,1018.0,13.2,13.2,38.6,83.8,103.9,-1.0,1142,122,256,614,0,,61.6,371,1640,1856,1511,122
2160,46,Working,1.116E+08,1793,16.73,75.0,14.7,14.7,38.6,83.9,103.9,-1.0,1150,121,256,618,0,,62.1,371,1640,1812,1470,121
2190,46,Review,1.125E+08,1770,16.95,117.0,16.4,16.4,38.6,83.9,103.9,-1.0,1156,121,256,623,0,,62.3,371,1640,1374,1032,121
2220,47,Working,1.125E+08,1800,16.67,25.0,13.2,13.2,38.6,83.7,103.9,-1.0,1142,122,256,614,0,,62.1,371,1640,1446,1101,122
2250,47,Working,1.125E+08,1790,16.76,93.0,14.7,14.7,38.6,83.7,103.9,-1.0,1150,121,256,618,0,,62.6,371,1640,1447,1105,121
2280,47,Night,1.134E+08,1741,17.23,86.0,16.4,16.4,38.6,83.8,103.9,-1.0,1142,121,255,614,0,,62.6,371,1640,1549,1207,121
2310,48,Working,1.134E+08,1565,19.17,291.0,13.2,13.2,38.6,83.8,103.9,-1.0,1142,122,256,614,0,,63.4,371,1640,1819,1474,122
2340,48,Working,1.187E+08,1716,17.48,107.0,14.7,14.7,38.6,83.8,103.9,-1.0,1150,121,256,618,0,,63.4,371,1640,1815,1473,121
2370,48,Night,1.196E+08,1225,24.57,484.0,16.4,16.4,38.6,83.9,103.9,-1.0,1142,121,255,614,0,,63.9,371,1640,1541,1199,121
2400,49,Working,1.196E+08,1492,20.04,232.0,13.3,13.3,38.6,84.0,103.9,-1.0,1142,122,256,614,0,,63.6,371,1640,1473,1128,122
2430,49,Working,1.196E+08,1209,24.81,557.0,14.6,14.6,38.6,83.9,103.9,-1.0,1150,121,256,618,0,,60.8,371,1640,1456,1114,121
2460,49,Night,1.206E+08,1739,17.25,129.0,16.3,16.3,38.6,83.9,103.9,-1.0,1142,121,255,614,0,,60.9,371,1640,1472,1130,121
2490,50,Working,1.206E+08,1782,16.83,83.0,13.3,13.3,38.6,83.7,103.9,-1.0,1142,122,256,614,0,,61.4,371,1640,1449,1104,122
2520,50,Working,1.241E+08,1801,16.67,25.0,14.8,14.8,38.6,83.8,103.9,-1.0,1150,121,256,618,0,,61.2,371,1640,1447,1105,121
2550,50,Night,1.251E+08,1800,16.67,22.0,16.4,16.4,38.6,84.0,103.9,-1.0,1142,121,255,614,0,,61.6,371,1640,1447,1105,121
2580,51,Working,1.251E+08,1780,16.85,85.0,13.3,13.3,38.6,84.0,103.9,-1.0,1142,122,256,614,0,,62.1,371,1640,1441,1096,122
2610,51,Working,1.251E+08,1790,16.76,86.0,14.7,14.7,38.6,83.9,103.9,-1.0,1150,121,256,618,0,,62.6,371,1640,1445,1103,121
2640,51,Night,1.261E+08,1799,16.68,34.0,16.3,16.3,38.6,83.9,103.9,-1.0,1142,121,255,614,0,,62.3,371,1640,1454,1112,121
2670,52,Working,1.261E+08,1791,16.75,67.0,13.3,13.3,38.6,84.0,103.9,-1.0,1142,122,256,614,0,,62.8,371,1640,1445,1100,122
2700,52,Working,1.316E+08,1789,16.77,74.0,14.7,14.7,38.6,84.0,103.9,-1.0,1150,121,256,618,0,,63.2,371,1640,1443,1101,121
2730,52,Night,1.326E+08,1485,20.44,1069.0,16.1,16.1,38.6,84.2,103.9,-1.0,1142,121,255,614,0,,63.4,371,1640,1446,1104,121
2760,53,Working,1.326E+08,1160,25.55,1600.0,13.0,13.0,38.6,84.2,103.9,-1.0,1142,122,256,614,0,,63.6,371,1640,1445,1100,122
2792,53,Working,1.326E+08,1392,23.22,2353.0,13.9,13.9,38.6,84.1,103.9,-1.0,1150,123,256,618,0,,63.5,371,1640,1938,1589,124
2820,53,Review,1.336E+08,1184,23.37,1170.0,15.2,15.2,38.6,84.2,103.9,-1.0,1156,121,256,623,0,,63.7,371,1862,1384,1042,121
2852,54,Working,1.336E+08,1526,20.05,1011.0,16.3,16.3,38.6,84.3,103.9,-1.0,1145,122,256,615,1,,64.2,371,1862,1493,1148,122
2880,54,Working,1.358E+08,1268,23.19,5615.0,13.1,13.1,38.6,84.3,103.9,-1.0,1142,122,256,614,0,,60.8,371,1862,1834,1489,122
2910,54,Working,1.358E+08,1193,25.20,1371.0,14.2,14.2,38.6,84.2,103.9,-1.0,1150,122,256,618,0,,61.1,371,1862,1905,1559,123
2940,54,Night,1.368E+08,1412,21.24,1574.0,15.6,15.6,38.6,84.3,103.9,-1.0,1142,121,255,614,0,,60.9,371,1862,1436,1094,121
2970,55,Working,1.368E+08,1786,16.78,116.0,12.9,12.9,38.6,84.3,103.9,-1.0,1142,122,256,614,0,,61.4,371,1862,1455,1110,122
3000,55,Working,1.368E+08,1800,16.67,29.0,14.0,14.0,38.6,84.3,103.9,-1.0,1150,121,256,618,0,,61.9,371,1862,1447,1105,121
3030,55,Night,1.378E+08,1800,16.67,21.0,15.5,15.5,38.6,84.3,103.9,-1.0,1142,121,255,614,0,,61.7,371,1862,1441,1099,121
3060,56,Working,1.4E+08,1800,16.67,26.0,12.9,12.9,38.6,84.0,103.9,-1.0,1142,128,256,614,0,,62.2,371,1862,1832,1473,129
3090,56,Working,1.4E+08,1797,16.69,74.0,14.0,14.0,38.6,84.3,103.9,-1.0,1150,127,256,618,0,,62.8,371,1862,1836,1480,128
3120,57,Login,1.411E+08,1800,16.67,22.0,15.5,15.5,38.6,84.3,103.9,-1.0,1142,122,256,614,0,,62.5,371,1862,1527,1182,122
3150,57,Working,1.411E+08,1800,16.67,25.0,13.0,13.0,38.6,84.3,103.9,-1.0,1142,122,256,614,0,,63.1,371,1862,1449,1104,122
3180,57,Working,1.411E+08,1800,16.67,26.0,14.1,14.1,38.6,84.3,103.9,-1.0,1150,121,256,618,0,,63.6,371,1862,1448,1106,121
3210,58,Login,1.421E+08,1799,16.68,36.0,15.6,15.6,38.6,84.3,103.9,-1.0,1142,122,256,614,0,,63.3,371,1862,1524,1179,122
3240,58,Working,1.443E+08,1800,16.67,29.0,13.0,13.0,38.6,84.3,103.9,-1.0,1142,123,256,614,0,,63.8,371,1862,1820,1471,124
3270,58,Working,1.443E+08,1800,16.67,26.0,14.2,14.2,38.6,84.3,103.9,-1.0,1150,122,256,618,0,,64.4,371,1862,1851,1505,123
3300,59,Login,1.454E+08,1800,16.67,25.0,15.6,15.6,38.6,84.2,103.9,-1.0,1142,122,256,614,0,,60.6,371,1862,1489,1144,122
3330,59,Working,1.454E+08,1779,16.86,80.0,13.0,13.0,38.6,84.2,103.9,-1.0,1142,122,256,614,0,,61.0,371,1862,1455,1110,122
3360,59,Review,1.465E+08,1798,16.68,46.0,14.6,14.6,38.6,84.2,103.9,-1.0,1156,121,256,623,0,,61.5,371,1862,1462,1120,121
3390,60,Login,1.465E+08,1801,16.67,21.0,15.7,15.7,38.6,84.2,103.9,-1.0,1142,122,256,614,0,,61.2,371,1862,1471,1126,122
3420,60,Working,1.484E+08,1800,16.67,30.0,13.0,13.0,38.6,84.0,103.9,-1.0,1142,123,256,614,0,,61.8,371,1862,1834,1485,124
3450,60,Review,1.494E+08,1800,16.67,32.0,14.6,14.6,38.6,84.2,103.9,-1.0,1156,121,256,623,0,,62.3,371,1862,1388,1046,121
3480,61,Login,1.494E+08,1800,16.67,27.0,15.6,15.6,38.6,84.2,103.9,-1.0,1142,122,256,614,0,,62.0,371,1862,1468,1123,122
3510,61,Working,1.494E+08,1800,16.67,30.0,13.0,13.0,38.6,84.2,103.9,-1.0,1142,122,256,614,0,,62.6,371,1862,1441,1096,122
3540,61,Review,1.505E+08,1800,16.67,27.0,14.6,14.6,38.6,84.2,103.9,-1.0,1156,121,256,623,0,,63.1,371,1862,1374,1032,121
3570,62,Working,1.505E+08,1792,16.74,39.0,15.7,15.7,38.6,84.2,103.9,-1.0,1145,122,256,615,1,,62.8,371,1862,1680,1335,122
3600,62,Working,1.564E+08,1782,16.83,66.0,13.2,13.2,38.6,84.2,103.9,-1.0,1150,123,256,618,0,,63.3,371,1862,1841,1492,124
3630,62,Review,1.576E+08,1775,16.90,87.0,14.6,14.6,38.6,84.2,103.9,-1.0,1156,121,256,623,0,,63.6,371,1862,1386,1044,121
3660,63,Working,1.576E+08,1800,16.67,24.0,15.7,15.7,38.6,84.2,103.9,-1.0,1145,122,256,615,1,,64.1,371,1862,1459,1114,122
3690,63,Working,1.576E+08,1791,16.75,106.0,13.2,13.2,38.6,84.2,103.9,-1.0,1150,122,256,618,0,,61.1,371,1862,1484,1139,122
3720,63,Review,1.587E+08,1800,16.67,27.0,14.7,14.7,38.6,84.2,103.9,-1.0,1156,121,256,623,0,,60.9,371,1862,1425,1083,121
3750,64,Working,1.587E+08,1800,16.67,24.0,15.8,15.8,38.6,84.0,103.9,-1.0,1145,128,256,615,1,,61.4,371,1862,1832,1473,129
3780,64,Working,1.606E+08,1801,16.67,22.0,13.2,13.2,38.6,84.0,103.9,-1.0,1150,123,256,618,0,,61.2,371,1862,1876,1527,124
3810,64,Review,1.618E+08,1645,18.24,487.0,14.6,14.6,38.6,84.2,103.9,-1.0,1156,121,256,623,0,,61.6,371,1862,1385,1043,121
3840,65,Working,1.618E+08,1800,16.67,26.0,15.8,15.8,38.6,84.2,103.9,-1.0,1145,122,256,615,1,,62.1,371,1862,1448,1103,122
3870,65,Working,1.618E+08,1800,16.67,23.0,13.2,13.2,38.6,84.0,103.9,-1.0,1150,122,256,618,0,,62.7,371,1862,1484,1139,122
3900,65,Review,1.629E+08,1800,16.67,28.0,14.6,14.6,38.6,84.2,103.9,-1.0,1156,121,256,623,0,,62.4,371,1862,1386,1044,121
3930,66,Working,1.629E+08,1800,16.67,22.0,15.7,15.7,38.6,84.3,103.9,-1.0,1145,122,256,615,1,,63.0,371,1862,1445,1100,122
3960,66,Working,1.674E+08,1800,16.67,24.0,13.2,13.2,38.6,84.3,103.9,-1.0,1150,121,256,618,0,,62.8,371,1862,1449,1107,121
3990,66,Review,1.686E+08,1800,16.67,20.0,14.6,14.6,38.6,84.3,103.9,-1.0,1156,121,256,623,0,,63.2,371,1862,1426,1084,121
4020,67,Working,1.686E+08,1800,16.67,22.0,15.8,15.8,38.6,84.3,103.9,-1.0,1142,122,256,614,0,,63.8,371,1862,1456,1111,122
4050,67,Working,1.686E+08,1800,16.67,25.0,13.3,13.3,38.6,84.2,103.9,-1.0,1150,121,256,618,0,,63.6,371,1862,1446,1104,121
4080,67,Review,1.698E+08,1800,16.67,19.0,14.6,14.6,38.6,84.3,103.9,-1.0,1156,121,256,623,0,,64.0,371,1862,1375,1033,121
4110,68,Working,1.698E+08,1800,16.67,29.0,15.8,15.8,38.6,84.3,103.9,-1.0,1142,122,256,614,0,,60.8,371,1862,1448,1103,122
4140,68,Working,1.759E+08,1800,16.67,30.0,13.3,13.3,38.6,84.2,103.9,-1.0,1150,121,256,618,0,,61.2,371,1862,1447,1105,121
4170,68,Review,1.772E+08,599,50.08,1368.0,14.1,14.1,38.6,84.3,103.9,-1.0,1156,121,256,623,0,,61.4,371,1862,1393,1051,121
4200,69,Login,1.772E+08,1789,16.78,210.0,15.0,15.0,38.6,84.3,103.9,-1.0,1142,122,256,614,0,,61.1,371,1862,1488,1143,122
4230,69,Working,1.772E+08,1130,26.55,1650.0,16.3,16.3,38.6,84.2,103.9,-1.0,1142,122,256,614,0,,61.9,371,1862,1456,1111,122
4260,69,Review,1.784E+08,1797,16.69,50.0,13.8,13.8,38.6,84.3,103.9,-1.0,1156,121,256,623,0,,61.7,371,1862,1419,1077,121
4290,70,Login,1.784E+08,1800,16.67,18.0,14.8,14.8,38.6,84.3,103.9,-1.0,1142,122,256,614,0,,62.0,371,1862,1470,1125,122
4320,70,Working,1.826E+08,1800,16.67,18.0,16.3,16.3,38.6,84.0,103.9,-1.0,1142,122,256,614,0,,62.6,371,1862,1814,1469,122
4350,70,Review,1.839E+08,1800,16.67,18.0,13.8,13.8,38.6,84.2,103.9,-1.0,1156,121,256,623,0,,63.0,371,1862,1385,1043,121
4380,71,Login,1.839E+08,1800,16.67,18.0,14.7,14.7,38.6,84.2,103.9,-1.0,1142,122,256,614,0,,62.8,371,1862,1469,1124,122
4410,71,Working,1.845E+08,1800,16.67,18.0,16.3,16.3,38.6,84.3,103.9,-1.0,1142,122,256,614,0,,63.4,371,1862,1441,1096,122
4440,71,Review,1.857E+08,1800,16.67,18.0,13.8,13.8,38.6,84.3,103.9,-1.0,1156,121,256,623,0,,63.1,371,1862,1387,1045,121
4470,72,Working,1.857E+08,1800,16.67,18.0,14.8,14.8,38.6,84.2,103.9,-1.0,1145,122,256,615,1,,63.6,371,1862,1751,1406,122
4500,72,Working,1.878E+08,1800,16.67,18.0,16.4,16.4,38.6,84.3,103.9,-1.0,1150,122,256,618,0,,64.1,371,1862,1868,1523,122
4530,72,Review,1.891E+08,1800,16.67,18.0,13.8,13.8,38.6,84.3,103.9,-1.0,1156,121,256,623,0,,64.6,371,1862,1375,1033,121
4560,73,Working,1.897E+08,1800,16.67,18.0,14.9,14.9,38.6,84.3,103.9,-1.0,1149,122,256,617,2,,61.0,371,1862,1445,1100,122
4590,73,Working,1.897E+08,1801,16.67,18.0,16.5,16.5,38.6,84.3,103.9,-1.0,1150,122,256,618,0,,60.8,371,1862,1491,1146,122
4620,73,Review,1.91E+08,1800,16.67,18.0,13.8,13.8,38.6,84.3,103.9,-1.0,1156,121,256,623,0,,61.2,371,1862,1386,1044,121
4650,74,Working,1.91E+08,1800,16.67,18.0,14.9,14.9,38.6,84.0,103.9,-1.0,1145,122,256,615,1,,61.8,371,1862,1820,1475,122
4680,74,Working,1.953E+08,1800,16.67,18.0,16.4,16.4,38.6,84.1,103.9,-1.0,1150,122,256,618,0,,61.6,371,1862,1849,1504,122
4710,74,Review,1.966E+08,1800,16.67,23.0,13.8,13.8,38.6,84.3,103.9,-1.0,1156,121,256,623,0,,62.1,371,1862,1375,1033,121
4740,75,Working,1.966E+08,1544,19.43,387.0,14.8,14.8,38.6,84.3,103.9,-1.0,1145,122,256,615,1,,62.0,371,1862,1450,1105,122
4770,75,Working,1.966E+08,1789,16.78,98.0,16.4,16.4,38.6,84.3,103.9,-1.0,1150,122,256,618,0,,62.4,371,1862,1504,1159,122
4800,75,Review,1.978E+08,1582,19.01,197.0,13.8,13.8,38.6,84.3,103.9,-1.0,1156,121,256,623,0,,63.1,371,1862,1386,1044,121
4830,76,Working,1.978E+08,1695,17.65,242.0,14.7,14.7,38.6,84.3,103.9,-1.0,1142,122,256,614,0,,63.2,371,1862,1867,1522,122
4860,76,Working,2.077E+08,1800,16.67,26.0,16.4,16.4,38.6,84.3,103.9,-1.0,1153,121,256,619,1,,63.7,371,1862,1814,1472,121
4890,76,Review,2.091E+08,1800,16.67,23.0,13.7,13.7,38.6,84.3,103.9,-1.0,1156,121,256,623,0,,63.4,371,1862,1386,1044,121
4920,77,Working,2.091E+08,1800,16.67,18.0,14.7,14.7,38.6,84.3,103.9,-1.0,1142,122,256,614,0,,63.9,371,1862,1444,1099,122
4950,77,Working,2.091E+08,1800,16.67,24.0,16.4,16.4,38.6,84.2,103.9,-1.0,1150,121,256,618,0,,64.5,371,1862,1451,1109,121
4980,77,Night,2.105E+08,1795,16.71,66.0,13.6,13.6,38.6,84.3,103.9,-1.0,1142,121,255,614,0,,60.7,371,1862,1546,1204,121
5010,78,Working,2.112E+08,1801,16.67,27.0,14.8,14.8,38.6,84.2,103.9,-1.0,1142,122,256,614,0,,61.3,371,1862,1825,1480,122
5040,78,Working,2.373E+08,1800,16.67,27.0,16.4,16.4,38.6,84.2,103.9,-1.0,1153,121,256,619,1,,61.2,371,1862,1813,1471,121
5070,78,Night,2.389E+08,1800,16.67,21.0,13.6,13.6,38.6,84.2,103.9,-1.0,1142,121,255,614,0,,61.6,371,1862,1436,1094,121
5100,79,Working,2.389E+08,1797,16.69,36.0,14.7,14.7,38.6,83.9,103.9,-1.0,1142,122,256,614,0,,62.2,371,1862,1451,1106,122
5130,79,Working,2.389E+08,1793,16.73,101.0,16.3,16.3,38.6,84.0,103.9,-1.0,1150,121,256,618,0,,62.0,371,1862,1449,1107,121
5160,79,Night,2.404E+08,1800,16.67,18.0,13.5,13.5,38.6,84.2,103.9,-1.0,1142,121,255,614,0,,62.4,371,1862,1444,1102,121
5190,80,Working,2.404E+08,1800,16.67,30.0,14.6,14.6,38.6,84.2,103.9,-1.0,1142,122,256,614,0,,62.3,371,1862,1817,1472,122
5220,80,Working,2.479E+08,1800,16.67,24.0,16.2,16.2,38.6,84.2,103.9,-1.0,1150,121,256,618,0,,62.8,371,1862,1801,1459,121
5250,80,Night,2.495E+08,1800,16.67,22.0,13.5,13.5,38.6,84.2,103.9,-1.0,1142,121,255,614,0,,63.2,371,1862,1438,1096,121
5280,81,Working,2.495E+08,1800,16.67,21.0,14.5,14.5,38.6,84.3,103.9,-1.0,1142,122,256,614,0,,63.1,371,1862,1444,1099,122
5310,81,Working,2.495E+08,1788,16.78,94.0,16.1,16.1,38.6,84.2,103.9,-1.0,1150,121,256,618,0,,63.5,371,1862,1443,1101,121
5340,82,Login,2.511E+08,1800,16.67,19.0,13.4,13.4,38.6,84.3,103.9,-1.0,1142,122,256,614,0,,64.0,371,1862,1466,1121,122
5370,82,Working,2.511E+08,1787,16.79,74.0,14.4,14.4,38.6,84.0,103.9,-1.0,1142,122,256,614,0,,64.5,371,1862,1832,1487,122
5400,82,Working,2.584E+08,1800,16.67,24.0,16.0,16.0,38.6,84.0,103.9,-1.0,1150,121,256,618,0,,60.7,371,1862,1808,1466,121
5430,83,Login,2.6E+08,1801,16.67,18.0,13.0,13.0,38.6,84.3,103.9,-1.0,1142,122,256,614,0,,61.1,371,1862,1498,1153,122
5460,83,Working,2.6E+08,1800,16.67,25.0,14.0,14.0,38.6,84.3,103.9,-1.0,1142,122,256,614,0,,61.7,371,1862,1449,1104,122
5490,83,Working,2.6E+08,1800,16.67,27.0,15.6,15.6,38.6,84.0,103.9,-1.0,1150,121,256,618,0,,61.5,371,1862,1439,1097,121
5520,84,Login,2.617E+08,1800,16.67,20.0,13.0,13.0,38.6,84.3,103.9,-1.0,1142,122,256,614,0,,61.9,371,1862,1520,1175,122
5550,84,Working,2.617E+08,1800,16.67,21.0,14.0,14.0,38.6,84.3,103.9,-1.0,1142,122,256,614,0,,62.5,371,1862,1825,1480,122
5580,84,Working,2.689E+08,1800,16.67,26.0,15.6,15.6,38.6,84.3,103.9,-1.0,1150,121,256,618,0,,62.3,371,1862,1807,1465,121
5610,85,Login,2.706E+08,1800,16.67,19.0,13.0,13.0,38.6,84.3,103.9,-1.0,1142,122,256,614,0,,62.8,371,1862,1470,1125,122
5640,85,Working,2.706E+08,1800,16.67,26.0,14.0,14.0,38.6,84.0,103.9,-1.0,1142,122,256,614,0,,63.3,371,1862,1457,1112,122
5670,85,Review,2.723E+08,1800,16.67,33.0,16.0,16.0,38.6,84.0,103.9,-1.0,1156,121,256,623,0,,63.1,371,1862,1459,1117,121
5700,86,Login,2.723E+08,1800,16.67,33.0,13.0,13.0,38.6,84.2,103.9,-1.0,1142,122,256,614,0,,63.5,371,1862,1471,1126,122
5730,86,Working,2.723E+08,1800,16.67,19.0,14.1,14.1,38.6,84.2,103.9,-1.0,1142,122,256,614,0,,64.0,371,1862,1831,1486,122
5760,86,Review,2.739E+08,1800,16.67,28.0,16.0,16.0,38.6,84.2,103.9,-1.0,1156,121,256,623,0,,63.9,371,1862,1386,1044,121
5790,87,Login,2.739E+08,1800,16.67,18.0,13.0,13.0,38.6,83.9,103.9,-1.0,1142,122,256,614,0,,64.4,371,1862,1469,1124,122
5820,87,Working,2.739E+08,1800,16.67,21.0,14.3,14.3,38.6,83.9,103.9,-1.0,1142,122,256,614,0,,61.3,371,1862,1445,1100,122
5850,87,Review,2.756E+08,1801,16.67,22.0,16.3,16.3,38.6,84.2,103.9,-1.0,1156,121,256,623,0,,61.1,371,1862,1387,1045,121
5880,88,Working,2.756E+08,1800,16.67,21.0,13.2,13.2,38.6,84.2,103.9,-1.0,1145,122,256,615,1,,61.6,371,1862,1708,1363,122
5910,88,Working,2.756E+08,1800,16.67,20.0,14.5,14.5,38.6,84.3,103.9,-1.0,1150,122,256,618,0,,61.5,371,1862,1868,1523,122
5940,88,Review,2.773E+08,1800,16.67,18.0,16.3,16.3,38.6,84.2,103.9,-1.0,1156,121,256,623,0,,61.9,371,1862,1386,1044,121
5970,89,Working,2.773E+08,1800,16.67,23.0,13.3,13.3,38.6,84.2,103.9,-1.0,1145,122,256,615,1,,62.3,371,1862,1447,1102,122
6000,89,Working,2.773E+08,1800,16.67,21.0,14.5,14.5,38.6,84.2,103.9,-1.0,1150,122,256,618,0,,62.2,371,1862,1480,1135,122
6030,89,Review,2.789E+08,1800,16.67,20.0,16.3,16.3,38.6,84.2,103.9,-1.0,1156,121,256,623,0,,62.7,371,1862,1424,1082,121
6060,90,Working,2.789E+08,1800,16.67,23.0,13.2,13.2,38.6,84.0,103.9,-1.0,1145,122,256,615,1,,63.2,371,1862,1814,1469,122
6090,90,Working,2.789E+08,1723,17.41,132.0,14.5,14.5,38.6,84.0,103.9,-1.0,1150,122,256,618,0,,63.3,371,1862,1880,1535,122
6120,90,Review,2.806E+08,1800,16.67,24.0,16.3,16.3,38.6,84.2,103.9,-1.0,1156,121,256,623,0,,63.8,371,1862,1386,1044,121
6150,91,Working,2.806E+08,1800,16.67,18.0,13.2,13.2,38.6,84.2,103.9,-1.0,1145,122,256,615,1,,63.6,371,1862,1441,1096,122
6180,91,Working,2.806E+08,1800,16.67,18.0,14.5,14.5,38.6,84.2,103.9,-1.0,1150,122,256,618,0,,64.2,371,1862,1485,1140,122
6210,91,Review,2.823E+08,1800,16.67,18.0,16.3,16.3,38.6,84.2,103.9,-1.0,1156,121,256,623,0,,64.6,371,1862,1403,1061,121
6240,92,Working,2.823E+08,1800,16.67,19.0,13.3,13.3,38.6,84.0,103.9,-1.0,1145,122,256,615,1,,60.8,371,1862,1856,1511,122
6270,92,Working,2.823E+08,1801,16.67,19.0,14.6,14.6,38.6,84.0,103.9,-1.0,1150,121,256,618,0,,61.3,371,1862,1809,1467,121
6300,92,Review,2.84E+08,1800,16.67,17.0,16.3,16.3,38.6,84.3,103.9,-1.0,1156,121,256,623,0,,61.7,371,1862,1417,1075,121
6330,93,Working,2.84E+08,1800,16.67,17.0,13.3,13.3,38.6,84.2,103.9,-1.0,1142,122,256,614,0,,61.6,371,1862,1445,1100,122
6360,93,Working,2.84E+08,1800,16.67,17.0,14.6,14.6,38.6,84.2,103.9,-1.0,1150,121,256,618,0,,62.2,371,1862,1442,1100,121
6390,93,Night,2.856E+08,1800,16.67,18.0,16.4,16.4,38.6,84.2,103.9,-1.0,1142,121,255,614,0,,62.6,371,1862,1484,1142,121
6420,94,Working,2.856E+08,1800,16.67,22.0,13.3,13.3,38.6,84.2,103.9,-1.0,1142,122,256,614,0,,62.5,371,1862,1814,1469,122
6450,94,Working,2.856E+08,1800,16.67,25.0,14.6,14.6,38.6,84.2,103.9,-1.0,1150,122,256,618,0,,63.0,371,1862,1812,1466,123
6480,94,Night,2.873E+08,1800,16.67,18.0,16.3,16.3,38.6,84.3,103.9,-1.0,1142,121,255,614,0,,62.7,371,1862,1432,1090,121
6510,95,Working,2.873E+08,1800,16.67,18.0,13.3,13.3,38.6,84.0,103.9,-1.0,1142,122,256,614,0,,63.3,371,1862,1450,1105,122
6540,95,Working,2.873E+08,1800,16.67,17.0,14.6,14.6,38.6,84.0,103.9,-1.0,1150,121,256,618,0,,63.9,371,1862,1442,1100,121
6570,95,Night,2.89E+08,1800,16.67,17.0,16.3,16.3,38.6,84.2,103.9,-1.0,1142,121,255,614,0,,63.6,371,1862,1443,1101,121
6600,96,Working,2.89E+08,1800,16.67,24.0,13.2,13.2,38.6,84.2,103.9,-1.0,1142,123,256,614,0,,64.2,371,1862,1828,1479,124
6630,96,Working,2.89E+08,1800,16.67,18.0,14.5,14.5,38.6,84.2,103.9,-1.0,1150,122,256,618,0,,64.0,371,1862,1811,1465,123
6660,96,Night,2.906E+08,1800,16.68,52.0,16.1,16.1,38.6,84.3,103.9,-1.0,1142,121,255,614,0,,60.8,371,1862,1432,1090,121
6690,97,Working,2.906E+08,1800,16.67,20.0,13.2,13.2,38.6,84.0,103.9,-1.0,1142,122,256,614,0,,61.3,371,1862,1446,1101,122
6720,97,Working,2.906E+08,1800,16.67,18.0,14.5,14.5,38.6,84.0,103.9,-1.0,1150,121,256,618,0,,61.2,371,1862,1441,1099,121
6750,97,Night,2.923E+08,1800,16.67,31.0,16.1,16.1,38.6,84.3,103.9,-1.0,1142,121,255,614,0,,61.6,371,1862,1447,1105,121
6780,98,Working,2.923E+08,1800,16.67,17.0,13.2,13.2,38.6,84.3,103.9,-1.0,1142,123,256,614,0,,62.2,371,1862,1827,1478,124
6810,98,Working,2.923E+08,1800,16.67,17.0,14.5,14.5,38.6,84.3,103.9,-1.0,1150,122,256,618,0,,62.1,371,1862,1808,1462,123
6840,99,Login,2.94E+08,1800,16.67,17.0,16.0,16.0,38.6,84.3,103.9,-1.0,1142,122,256,614,0,,62.4,371,1862,1538,1193,122
6870,99,Working,2.94E+08,1800,16.67,19.0,13.2,13.2,38.6,84.3,103.9,-1.0,1142,122,256,614,0,,63.0,371,1862,1445,1100,122
6900,99,Working,2.94E+08,1800,16.67,19.0,14.8,14.8,38.6,84.3,103.9,-1.0,1150,121,256,618,0,,62.9,371,1862,1445,1103,121
6930,100,Login,2.956E+08,1800,16.67,18.0,16.3,16.3,38.6,84.3,103.9,-1.0,1142,122,256,614,0,,63.4,371,1862,1522,1177,122
6960,100,Working,2.956E+08,1800,16.67,19.0,13.4,13.4,38.6,84.0,103.9,-1.0,1142,128,256,614,0,,63.2,371,1862,1827,1468,129
6990,100,Working,2.956E+08,1800,16.67,18.0,14.8,14.8,38.6,84.0,103.9,-1.0,1150,127,256,618,0,,63.8,371,1862,1814,1458,128
7020,101,Login,2.973E+08,1800,16.67,18.0,16.3,16.3,38.6,84.2,103.9,-1.0,1142,122,256,614,0,,64.2,371,1862,1477,1132,122
7050,101,Working,2.973E+08,1800,16.67,19.0,13.4,13.4,38.6,84.3,103.9,-1.0,1142,122,256,614,0,,64.0,371,1862,1458,1113,122
7080,101,Review,2.99E+08,1801,16.67,19.0,15.1,15.1,38.6,84.3,103.9,-1.0,1156,121,256,623,0,,60.9,371,1862,1456,1114,121
7110,102,Login,2.99E+08,1800,16.67,18.0,16.2,16.2,38.6,84.3,103.9,-1.0,1142,122,256,614,0,,61.4,371,1862,1478,1133,122
7140,102,Working,2.99E+08,1800,16.67,21.0,13.4,13.4,38.6,84.0,103.9,-1.0,1142,128,256,614,0,,61.2,371,1862,1841,1482,129
7170,102,Review,3.007E+08,1800,16.67,18.0,15.1,15.1,38.6,84.3,103.9,-1.0,1156,121,256,623,0,,61.8,371,1862,1387,1045,121
7200,103,Login,3.007E+08,1800,16.67,18.0,16.2,16.2,38.6,84.3,103.9,-1.0,1142,122,256,614,0,,62.2,371,1862,1481,1136,122
